,complexity,loss,equation,score,sympy_format,lambda_format
0,1,0.1953696,2.559573,0.0,2.55957300000000,PySRFunction(X=>2.55957300000000)
1,4,0.16444714,tanh(x1) * 2.628686,0.05743465600823811,tanh(x1)*2.628686,PySRFunction(X=>tanh(x1)*2.628686)
2,5,0.061022673,3.0682101 - tanh(square(x0)),0.9913436975406541,3.0682101 - tanh(x0**2),PySRFunction(X=>3.0682101 - tanh(x0**2))
3,6,0.0029555892,3.2341866 - square(x0 - 0.3309643),3.027547461793544,3.2341866 - (x0 - 1*0.3309643)**2,PySRFunction(X=>3.2341866 - (x0 - 1*0.3309643)**2)
4,7,9.172633e-11,(-0.21327406 / (x0 + -0.83271086)) + 2.378181,17.288154388791753,2.378181 - 0.21327406/(x0 - 0.83271086),PySRFunction(X=>2.378181 - 0.21327406/(x0 - 0.83271086))
5,8,9.473903e-14,3.1581352 - (square(x0 - 0.31523713) * 0.8804924),6.875438690086496,3.1581352 - 0.8804924*(x0 - 1*0.31523713)**2,PySRFunction(X=>3.1581352 - 0.8804924*(x0 - 1*0.31523713)**2)
6,9,0.0,((0.36334568 / x0) - (x0 * 0.7331832)) + 2.8404255,inf,-0.7331832*x0 + 2.8404255 + 0.36334568/x0,PySRFunction(X=>-0.7331832*x0 + 2.8404255 + 0.36334568/x0)
