,complexity,loss,equation,score,sympy_format,lambda_format
0,1,1.2159593,1.966225,0.0,1.96622500000000,PySRFunction(X=>1.96622500000000)
1,3,0.08316638,x0 * 3.322615,1.341222705973747,x0*3.322615,PySRFunction(X=>x0*3.322615)
2,4,0.045111317,cube(x0 - -0.5618585),0.6117100333292286,(x0 - 1*(-0.5618585))**3,PySRFunction(X=>(x0 - 1*(-0.5618585))**3)
3,5,0.016715141,square(square(x0) + 0.913218),0.992818190921081,(x0**2 + 0.913218)**2,PySRFunction(X=>(x0**2 + 0.913218)**2)
4,6,0.0011447462,cube(x0 - -0.4769106) + 0.43480012,2.6811320023259424,(x0 - 1*(-0.4769106))**3 + 0.43480012,PySRFunction(X=>(x0 - 1*(-0.4769106))**3 + 0.43480012)
5,7,6.350632e-09,(2.8231053 / (1.5548213 - x0)) + -1.2934287,12.102139175500641,-1.2934287 + 2.8231053/(1.5548213 - x0),PySRFunction(X=>-1.2934287 + 2.8231053/(1.5548213 - x0))
6,8,2.594073e-11,square((x0 * -1.9008316) + 0.15496868) + 0.64348644,5.500495294135086,(0.15496868 + x0*(-1.9008316))**2 + 0.64348644,PySRFunction(X=>(0.15496868 + x0*(-1.9008316))**2 + 0.64348644)
7,9,0.0,(x0 * 3.1830428) + (0.4197445 - (4.9024115 / x1)),inf,x0*3.1830428 + 0.4197445 - 4.9024115/x1,PySRFunction(X=>x0*3.1830428 + 0.4197445 - 4.9024115/x1)
