,complexity,loss,equation,score,sympy_format,lambda_format
0,1,3.9443781,2.549575,0.0,2.54957500000000,PySRFunction(X=>2.54957500000000)
1,3,0.079673864,x0 * 5.740829,1.9510524879942908,x0*5.740829,PySRFunction(X=>x0*5.740829)
2,4,0.054828912,cube(x0 + 0.83655417),0.3737239562114236,(x0 + 0.83655417)**3,PySRFunction(X=>(x0 + 0.83655417)**3)
3,5,0.0032609182,(x0 * 6.4999022) + -0.5075637,2.822208833904915,x0*6.4999022 - 0.5075637,PySRFunction(X=>x0*6.4999022 - 0.5075637)
4,6,8.2390594e-05,tanh(x0 - 0.110889874) * 8.090405,3.678292811230415,tanh(x0 - 1*0.110889874)*8.090405,PySRFunction(X=>tanh(x0 - 1*0.110889874)*8.090405)
5,7,2.9497207e-07,square(tanh(x0 / 0.56215507)) * 6.261736,5.6323458850049875,tanh(x0/0.56215507)**2*6.261736,PySRFunction(X=>tanh(x0/0.56215507)**2*6.261736)
6,8,6.159221e-12,(tanh(x0 - 0.16032998) + 0.05384875) * 7.7992277,10.776685644364017,(tanh(x0 - 1*0.16032998) + 0.05384875)*7.7992277,PySRFunction(X=>(tanh(x0 - 1*0.16032998) + 0.05384875)*7.7992277)
7,9,0.0,((x0 * 6.3500147) + -0.37272215) - (x1 * 0.0070780884),inf,x0*6.3500147 - 0.0070780884*x1 - 0.37272215,PySRFunction(X=>x0*6.3500147 - 0.0070780884*x1 - 0.37272215)
