,complexity,loss,equation,score,sympy_format,lambda_format
0,1,0.09015652,1.2009972,0.0,1.20099720000000,PySRFunction(X=>1.20099720000000)
1,4,0.08389755,x0 / tanh(x0),0.023983619774055304,x0/tanh(x0),PySRFunction(X=>x0/tanh(x0))
2,5,0.01713604,x0 + (0.10851243 / x0),1.5884125636468074,x0 + 0.10851243/x0,PySRFunction(X=>x0 + 0.10851243/x0)
3,6,0.006368252,cube(x0) + (x1 * 0.014890745),0.9898588273462905,x0**3 + x1*0.014890745,PySRFunction(X=>x0**3 + x1*0.014890745)
4,7,2.6789191e-06,((11.668769 / x0) + -7.3210206) / x1,7.773666907334061,(-7.3210206 + 11.668769/x0)/x1,PySRFunction(X=>(-7.3210206 + 11.668769/x0)/x1)
5,8,7.81597e-13,(square(x0 + -0.5943472) - -0.113655716) * 3.7704852,15.04733996677715,((x0 - 0.5943472)**2 - 1*(-0.113655716))*3.7704852,PySRFunction(X=>((x0 - 0.5943472)**2 - 1*(-0.113655716))*3.7704852)
6,9,0.0,((0.093067646 / x0) + (x0 * 1.0486052)) + 0.15221901,inf,x0*1.0486052 + 0.15221901 + 0.093067646/x0,PySRFunction(X=>x0*1.0486052 + 0.15221901 + 0.093067646/x0)
