,complexity,loss,equation,score,sympy_format,lambda_format
0,1,0.078194775,1.0068785,0.0,1.00687850000000,PySRFunction(X=>1.00687850000000)
1,3,0.07418801,x0 + 0.78139776,0.0263001413212444,x0 + 0.78139776,PySRFunction(X=>x0 + 0.78139776)
2,4,0.027913013,tanh(71.12117 / x1),0.9775095509598163,tanh(71.12117/x1),PySRFunction(X=>tanh(71.12117/x1))
3,5,0.00029505574,(x1 * -0.0063645784) + 1.2491916,4.549683987198321,1.2491916 + x1*(-0.0063645784),PySRFunction(X=>1.2491916 + x1*(-0.0063645784))
4,6,4.5784936e-06,tanh(55.945004 / x1) * 1.20462,4.1657942519167666,tanh(55.945004/x1)*1.20462,PySRFunction(X=>tanh(55.945004/x1)*1.20462)
5,7,4.5205707e-06,tanh(square(65.71154 / x1)) + 0.20460333,0.01273178879112323,tanh(4318.0064891716/x1**2) + 0.20460333,PySRFunction(X=>tanh(4318.0064891716/x1**2) + 0.20460333)
6,8,2.1710596e-08,tanh((5.830239 / x0) / x1) + 0.20737809,5.338593089617853,tanh(5.830239/(x0*x1)) + 0.20737809,PySRFunction(X=>tanh(5.830239/(x0*x1)) + 0.20737809)
7,9,0.0,((x1 * -0.0063545257) + 1.2214311) + (0.0034627502 / x0),inf,x1*(-0.0063545257) + 1.2214311 + 0.0034627502/x0,PySRFunction(X=>x1*(-0.0063545257) + 1.2214311 + 0.0034627502/x0)
