,complexity,loss,equation,score,sympy_format,lambda_format
0,1,2.2653563,2.0459416,0.0,2.04594160000000,PySRFunction(X=>2.04594160000000)
1,3,0.364877,17.914371 / x1,0.9129635109502494,17.914371/x1,PySRFunction(X=>17.914371/x1)
2,4,0.128316,cube(x0 * 1.8266633),1.0450643389259588,6.09502526224285*x0**3,PySRFunction(X=>6.09502526224285*x0**3)
3,5,7.5262236e-05,75.59951 / (x1 - -14.061351),7.4412727554832125,75.59951/(x1 - 1*(-14.061351)),PySRFunction(X=>75.59951/(x1 - 1*(-14.061351)))
4,7,1.9421502e-13,(79.410355 / (x1 - -14.793114)) + -0.04176986,9.887639218098013,-0.04176986 + 79.410355/(x1 - 1*(-14.793114)),PySRFunction(X=>-0.04176986 + 79.410355/(x1 - 1*(-14.793114)))
5,9,0.0,((11.360218 / x1) + (x1 * -0.009450286)) - -1.4814264,inf,x1*(-0.009450286) - 1*(-1.4814264) + 11.360218/x1,PySRFunction(X=>x1*(-0.009450286) - 1*(-1.4814264) + 11.360218/x1)
