,complexity,loss,equation,score,sympy_format,lambda_format
0,1,0.06389669,0.87665945,0.0,0.876659450000000,PySRFunction(X=>0.876659450000000)
1,3,0.009696801,x0 + 0.55164593,0.9427357615269318,x0 + 0.55164593,PySRFunction(X=>x0 + 0.55164593)
2,4,0.0054455977,square(x0 + 0.5915616),0.5769885165087851,(x0 + 0.5915616)**2,PySRFunction(X=>(x0 + 0.5915616)**2)
3,5,0.0012188745,0.5481094 / (0.99622524 - x0),1.4968796288334545,0.5481094/(0.99622524 - x0),PySRFunction(X=>0.5481094/(0.99622524 - x0))
4,6,1.6180276e-05,(31.714128 / square(x1)) + 0.6688714,4.321890201359588,0.6688714 + 31.714128/(x1**2),PySRFunction(X=>0.6688714 + 31.714128/(x1**2))
5,7,9.4739034e-15,0.65188724 - (-1.4727255 / (x1 + -4.961742)),21.258517798404895,0.65188724 - (-1)*1.4727255/(x1 - 4.961742),PySRFunction(X=>0.65188724 - (-1)*1.4727255/(x1 - 4.961742))
6,9,0.0,(0.48777992 - (x0 * -1.368488)) + (x1 * -0.001278332),inf,-(-1.368488)*x0 + x1*(-0.001278332) + 0.48777992,PySRFunction(X=>-(-1.368488)*x0 + x1*(-0.001278332) + 0.48777992)
