,complexity,loss,equation,score,sympy_format,lambda_format
0,1,0.7276966,2.5538905,0.0,2.55389050000000,PySRFunction(X=>2.55389050000000)
1,3,0.13901807,9.597047 / x1,0.8276401392028258,9.597047/x1,PySRFunction(X=>9.597047/x1)
2,4,0.1071256,square(x0 + 0.96506727),0.26060194684567634,(x0 + 0.96506727)**2,PySRFunction(X=>(x0 + 0.96506727)**2)
3,5,0.035512682,square(cube(x0) + 1.2010449),1.1041121057125725,(x0**3 + 1.2010449)**2,PySRFunction(X=>(x0**3 + 1.2010449)**2)
4,6,0.0015377769,cube(cube(square(x0)) + 1.1367933),3.1395520700792825,(x0**6 + 1.1367933)**3,PySRFunction(X=>(x0**6 + 1.1367933)**3)
5,7,0.000562215,(cube(cube(x0)) + 0.16251606) * 8.975924,1.0062087420130488,(x0**9 + 0.16251606)*8.975924,PySRFunction(X=>(x0**9 + 0.16251606)*8.975924)
6,8,8.123057e-09,square((x0 * -4.419123) + 1.7864636) + -0.3616604,11.144933056839017,(1.7864636 + x0*(-4.419123))**2 - 0.3616604,PySRFunction(X=>(1.7864636 + x0*(-4.419123))**2 - 0.3616604)
7,9,1.8947807e-14,(1.3301215 / x0) + ((x0 * 18.394258) + -13.681367),12.968528919882331,x0*18.394258 - 13.681367 + 1.3301215/x0,PySRFunction(X=>x0*18.394258 - 13.681367 + 1.3301215/x0)
8,10,0.0,((cube(x0) * 11.160384) + 2.070253) + (x0 * -6.3595066),inf,x0**3*11.160384 + x0*(-6.3595066) + 2.070253,PySRFunction(X=>x0**3*11.160384 + x0*(-6.3595066) + 2.070253)
