,complexity,loss,equation,score,sympy_format,lambda_format
0,1,17.42164,4.3441133,0.0,4.34411330000000,PySRFunction(X=>4.34411330000000)
1,3,7.4603705,x0 * 7.6841054,0.4240540168962842,x0*7.6841054,PySRFunction(X=>x0*7.6841054)
2,4,0.15945196,cube(x0 * 2.2710836),3.845617671208761,11.7138420448192*x0**3,PySRFunction(X=>11.7138420448192*x0**3)
3,5,0.00817034,cube(square(-0.5226557 - x0)),2.9712321619620643,(-x0 - 0.5226557)**6,PySRFunction(X=>(-x0 - 0.5226557)**6)
4,6,0.008010751,cube(-0.9624826 / (x0 + -1.3934542)),0.019726009185051966,-0.891617658092964/(x0 - 1.3934542)**3,PySRFunction(X=>-0.891617658092964/(x0 - 1.3934542)**3)
5,7,4.9357257e-10,(-2.2419164 / (x0 + -1.1280348)) + -2.3707478,16.602380451700206,-2.3707478 - 2.2419164/(x0 - 1.1280348),PySRFunction(X=>-2.3707478 - 2.2419164/(x0 - 1.1280348))
6,9,0.0,((x0 * 23.657833) - (x1 * -0.06391718)) + -12.404607,inf,x0*23.657833 - (-0.06391718)*x1 - 12.404607,PySRFunction(X=>x0*23.657833 - (-0.06391718)*x1 - 12.404607)
