,complexity,loss,equation,score,sympy_format,lambda_format
0,1,0.14395773,0.91982424,0.0,0.919824240000000,PySRFunction(X=>0.919824240000000)
1,3,0.03867741,x0 + 0.6531665,0.6571320030717153,x0 + 0.6531665,PySRFunction(X=>x0 + 0.6531665)
2,4,0.00039643046,square(x0 + 0.67595476),4.580510346578414,(x0 + 0.67595476)**2,PySRFunction(X=>(x0 + 0.67595476)**2)
3,5,0.0001571746,(x0 * 2.072815) + 0.36714584,0.9251433517459421,x0*2.072815 + 0.36714584,PySRFunction(X=>x0*2.072815 + 0.36714584)
4,6,4.3672608e-06,cube(x0 + -1.1539987) + 1.703392,3.5832212959796648,(x0 - 1.1539987)**3 + 1.703392,PySRFunction(X=>(x0 - 1.1539987)**3 + 1.703392)
5,7,0.0,(4.1828113 / (x1 - -2.3620179)) + 0.57056564,inf,0.57056564 + 4.1828113/(x1 - 1*(-2.3620179)),PySRFunction(X=>0.57056564 + 4.1828113/(x1 - 1*(-2.3620179)))
