,complexity,loss,equation,score,sympy_format,lambda_format
0,1,0.06811697,1.081678,0.0,1.08167800000000,PySRFunction(X=>1.08167800000000)
1,4,0.06649418,tanh(38.855976 / x1),0.008037316480518098,tanh(38.855976/x1),PySRFunction(X=>tanh(38.855976/x1))
2,5,0.019412903,(3.6063752 / x1) + 0.6696545,1.2311764769557954,0.6696545 + 3.6063752/x1,PySRFunction(X=>0.6696545 + 3.6063752/x1)
3,6,0.00042068725,square(x0 + -0.3075084) + -0.6598767,3.8318035435557483,(x0 - 0.3075084)**2 - 0.6598767,PySRFunction(X=>(x0 - 0.3075084)**2 - 0.6598767)
4,7,1.2805067e-06,square(cube(x0) + -1.40868) * 0.17552659,5.794633824530541,(x0**3 - 1.40868)**2*0.17552659,PySRFunction(X=>(x0**3 - 1.40868)**2*0.17552659)
5,8,6.994109e-12,(square(x0 + -0.2995319) * 1.1216121) + -0.86280555,12.117698193632446,(x0 - 0.2995319)**2*1.1216121 - 0.86280555,PySRFunction(X=>(x0 - 0.2995319)**2*1.1216121 - 0.86280555)
6,9,0.0,(12.608957 / x1) + ((x0 * 0.46525782) + -0.2695548),inf,x0*0.46525782 - 0.2695548 + 12.608957/x1,PySRFunction(X=>x0*0.46525782 - 0.2695548 + 12.608957/x1)
