,complexity,loss,equation,score,sympy_format,lambda_format
0,1,0.09880081,1.0988245,0.0,1.09882450000000,PySRFunction(X=>1.09882450000000)
1,3,0.016852817,x0 + 0.66550493,0.8842939896333486,x0 + 0.66550493,PySRFunction(X=>x0 + 0.66550493)
2,4,0.0030482507,square(x0 + 0.5944127),1.7099499387359172,(x0 + 0.5944127)**2,PySRFunction(X=>(x0 + 0.5944127)**2)
3,5,0.00030122543,(-0.16908811 / x0) + 1.6223693,2.3144642427676265,1.6223693 - 0.16908811/x0,PySRFunction(X=>1.6223693 - 0.16908811/x0)
4,6,3.0071911e-05,cube(x0 - 1.1175653) + 1.4936084,2.304267374618895,(x0 - 1*1.1175653)**3 + 1.4936084,PySRFunction(X=>(x0 - 1*1.1175653)**3 + 1.4936084)
5,7,4.4614978e-10,(-1.3021868 / (x0 + 0.5242541)) + 2.5194263,11.118447379419719,2.5194263 - 1.3021868/(x0 + 0.5242541),PySRFunction(X=>2.5194263 - 1.3021868/(x0 + 0.5242541))
6,8,5.0828675e-11,(tanh(x0 / 0.5783865) - -0.15730986) * 1.457102,2.1721940614023865,(tanh(x0/0.5783865) - 1*(-0.15730986))*1.457102,PySRFunction(X=>(tanh(x0/0.5783865) - 1*(-0.15730986))*1.457102)
7,9,0.0,(0.3336806 / x1) + ((x0 * 1.5660722) - -0.37703234),inf,x0*1.5660722 - 1*(-0.37703234) + 0.3336806/x1,PySRFunction(X=>x0*1.5660722 - 1*(-0.37703234) + 0.3336806/x1)
