,complexity,loss,equation,score,sympy_format,lambda_format
0,1,2.1825018,1.922275,0.0,1.92227500000000,PySRFunction(X=>1.92227500000000)
1,3,0.43517637,x1 / 16.304201,0.8062378576315405,x1/16.304201,PySRFunction(X=>x1/16.304201)
2,4,0.1483565,square(x1 * 0.03532994),1.0761332361139841,0.0012482046604036*x1**2,PySRFunction(X=>0.0012482046604036*x1**2)
3,5,0.014831179,x1 * (0.05957188 / x0),2.302886507077354,x1*0.05957188/x0,PySRFunction(X=>x1*0.05957188/x0)
4,6,0.014722745,x1 * tanh(0.059671815 / x0),0.007338077107691201,x1*tanh(0.059671815/x0),PySRFunction(X=>x1*tanh(0.059671815/x0))
5,7,0.00016717454,(square(cube(x1)) * 1.0066173e-10) - -0.8274772,4.478110439547052,x1**6*1.0066173e-10 - 1*(-0.8274772),PySRFunction(X=>x1**6*1.0066173e-10 - 1*(-0.8274772))
6,8,1.1842379e-15,0.82583445 - (cube(x1 + -19.293383) * -6.3168496e-5),25.673204807942742,0.82583445 - (-6.3168496e-5)*(x1 - 19.293383)**3,PySRFunction(X=>0.82583445 - (-6.3168496e-5)*(x1 - 19.293383)**3)
7,9,0.0,(x1 * 0.075278714) + ((x0 * -0.85176957) + 0.492162),inf,x0*(-0.85176957) + x1*0.075278714 + 0.492162,PySRFunction(X=>x0*(-0.85176957) + x1*0.075278714 + 0.492162)
