,complexity,loss,equation,score,sympy_format,lambda_format
0,1,0.009071923,0.8010621,0.0,0.801062100000000,PySRFunction(X=>0.801062100000000)
1,4,0.0036758955,tanh(82.0838 / x1),0.30112916094814174,tanh(82.0838/x1),PySRFunction(X=>tanh(82.0838/x1))
2,5,1.5160481e-05,(4.5203667 / x1) + 0.68116903,5.490859947489681,0.68116903 + 4.5203667/x1,PySRFunction(X=>0.68116903 + 4.5203667/x1)
3,6,2.1460068e-08,(66.81291 / square(x1)) + 0.72444767,6.560253481041763,0.72444767 + 66.81291/(x1**2),PySRFunction(X=>0.72444767 + 66.81291/(x1**2))
4,7,2.3684759e-15,(-1.2260449 / (12.177536 - x1)) - -0.71699184,16.019457795734212,-1*(-0.71699184) - 1.2260449/(12.177536 - x1),PySRFunction(X=>-1*(-0.71699184) - 1.2260449/(12.177536 - x1))
5,8,0.0,(73.57386 / square(x1 + 0.84616655)) + 0.7237179,inf,0.7237179 + 73.57386/((x1 + 0.84616655)**2),PySRFunction(X=>0.7237179 + 73.57386/((x1 + 0.84616655)**2))
