,complexity,loss,equation,score,sympy_format,lambda_format
0,1,1.7392888,2.7892046,0.0,2.78920460000000,PySRFunction(X=>2.78920460000000)
1,3,0.30682382,60.382393 / x1,0.8674789331927498,60.382393/x1,PySRFunction(X=>60.382393/x1)
2,4,0.031548068,square(x0 / 0.45595095),2.2747613556566226,4.81020682467261*x0**2,PySRFunction(X=>4.81020682467261*x0**2)
3,5,0.00029186372,cube(cube(x0) + 0.875424),4.6829806489658115,(x0**3 + 0.875424)**3,PySRFunction(X=>(x0**3 + 0.875424)**3)
4,6,7.61936e-05,0.62012374 / square(x0 + -1.2854481),1.3430095113314449,0.62012374/((x0 - 1.2854481)**2),PySRFunction(X=>0.62012374/((x0 - 1.2854481)**2))
5,7,8.5251735e-08,(-1.1772981 / (x0 - 1.1346905)) + -0.85167533,6.795424280783422,-0.85167533 - 1.1772981/(x0 - 1*1.1346905),PySRFunction(X=>-0.85167533 - 1.1772981/(x0 - 1*1.1346905))
6,8,7.522506e-09,square(0.8337901 / (x0 - 1.3051699)) - 0.07261431,2.427709140733764,-1*0.07261431 + 0.69520593085801/(x0 - 1*1.3051699)**2,PySRFunction(X=>-1*0.07261431 + 0.69520593085801/(x0 - 1*1.3051699)**2)
7,9,0.0,(x0 * -5.6858816) + ((x1 * -0.087426536) - -10.292823),inf,x0*(-5.6858816) + x1*(-0.087426536) - 1*(-10.292823),PySRFunction(X=>x0*(-5.6858816) + x1*(-0.087426536) - 1*(-10.292823))
