,complexity,loss,equation,score,sympy_format,lambda_format
0,1,3.7049208,4.434634,0.0,4.43463400000000,PySRFunction(X=>4.43463400000000)
1,3,2.5285509,x0 * 5.3511767,0.1910077550769523,x0*5.3511767,PySRFunction(X=>x0*5.3511767)
2,4,0.9118573,cube(x0 * 1.9483544),1.019918142296095,7.39611865533997*x0**3,PySRFunction(X=>7.39611865533997*x0**3)
3,5,0.003479671,cube(cube(x0 + 0.3163811)),5.5685457594462,(x0 + 0.3163811)**9,PySRFunction(X=>(x0 + 0.3163811)**9)
4,6,0.002770018,cube(square(square(x0) - -0.53161967)),0.22808393071420888,(x0**2 - 1*(-0.53161967))**6,PySRFunction(X=>(x0**2 - 1*(-0.53161967))**6)
5,7,0.00074652256,cube((cube(x0) * 1.9134011) - -0.4042744),1.3111832598011377,(x0**3*1.9134011 - 1*(-0.4042744))**3,PySRFunction(X=>(x0**3*1.9134011 - 1*(-0.4042744))**3)
6,8,7.579123e-14,(square(x1 + -24.860262) * -0.006167536) + 8.082682,23.01070908775428,8.082682 + (x1 - 24.860262)**2*(-0.006167536),PySRFunction(X=>8.082682 + (x1 - 24.860262)**2*(-0.006167536))
7,9,0.0,((-3.4682603 / x1) + (x1 * -0.10801579)) + 8.147705,inf,x1*(-0.10801579) + 8.147705 - 3.4682603/x1,PySRFunction(X=>x1*(-0.10801579) + 8.147705 - 3.4682603/x1)
