,complexity,loss,equation,score,sympy_format,lambda_format
0,1,0.18026026,1.6845244,0.0,1.68452440000000,PySRFunction(X=>1.68452440000000)
1,3,0.012309295,x0 * 2.766073,1.3420235137218464,x0*2.766073,PySRFunction(X=>x0*2.766073)
2,4,0.0024939876,cube(x0 + 0.56146187),1.5964717927317185,(x0 + 0.56146187)**3,PySRFunction(X=>(x0 + 0.56146187)**3)
3,5,0.00051117816,0.5932669 / (0.99753 - x0),1.5849199751490066,0.5932669/(0.99753 - x0),PySRFunction(X=>0.5932669/(0.99753 - x0))
4,6,1.2831316e-06,-0.6064939 / (cube(x0) + -0.6471688),5.987414526675987,-0.6064939/(x0**3 - 0.6471688),PySRFunction(X=>-0.6064939/(x0**3 - 0.6471688))
5,8,1.43231205e-08,(-0.5716066 / (cube(x0) + -0.6358704)) + 0.041961472,2.247591940823914,0.041961472 - 0.5716066/(x0**3 - 0.6358704),PySRFunction(X=>0.041961472 - 0.5716066/(x0**3 - 0.6358704))
6,9,0.0,((0.49163017 / x1) + -0.32114765) + (x0 * 2.987636),inf,x0*2.987636 - 0.32114765 + 0.49163017/x1,PySRFunction(X=>x0*2.987636 - 0.32114765 + 0.49163017/x1)
