,complexity,loss,equation,score,sympy_format,lambda_format
0,1,0.14455883,1.1573801,0.0,1.15738010000000,PySRFunction(X=>1.15738010000000)
1,3,0.032583565,x0 + 0.72455835,0.744939266289763,x0 + 0.72455835,PySRFunction(X=>x0 + 0.72455835)
2,4,0.016832797,square(x0 + 0.6093274),0.6604788344270331,(x0 + 0.6093274)**2,PySRFunction(X=>(x0 + 0.6093274)**2)
3,5,0.0010391168,0.72501767 / (1.1331295 - x0),2.7849580641361635,0.72501767/(1.1331295 - x0),PySRFunction(X=>0.72501767/(1.1331295 - x0))
4,6,2.5636802e-05,(cube(x0) - -0.2899021) * 2.66185,3.7020975032811227,(x0**3 - 1*(-0.2899021))*2.66185,PySRFunction(X=>(x0**3 - 1*(-0.2899021))*2.66185)
5,7,1.6630631e-09,(0.3224505 / (0.94509405 - x0)) + 0.3697312,9.643123033299867,0.3697312 + 0.3224505/(0.94509405 - x0),PySRFunction(X=>0.3697312 + 0.3224505/(0.94509405 - x0))
6,8,2.5773753e-11,cube((x0 * 1.3423686) + 0.032953147) + 0.76266086,4.16705977342946,(x0*1.3423686 + 0.032953147)**3 + 0.76266086,PySRFunction(X=>(x0*1.3423686 + 0.032953147)**3 + 0.76266086)
7,9,0.0,((-3.6732817 / x1) - (x0 * -1.3567605)) - -0.77777743,inf,-(-1.3567605)*x0 - 1*(-0.77777743) - 3.6732817/x1,PySRFunction(X=>-(-1.3567605)*x0 - 1*(-0.77777743) - 3.6732817/x1)
