,complexity,loss,equation,score,sympy_format,lambda_format
0,1,0.14746259,1.5193729,0.0,1.51937290000000,PySRFunction(X=>1.51937290000000)
1,3,0.02394704,3.641247 / x1,0.9088648955438398,3.641247/x1,PySRFunction(X=>3.641247/x1)
2,5,0.008204124,2.4899712 - (x0 * x1),0.5356038853652947,2.4899712 - x0*x1,PySRFunction(X=>2.4899712 - x0*x1)
3,6,0.00020490207,(5.6555753 / cube(x1)) + 1.0176237,3.6898600759734586,1.0176237 + 5.6555753/(x1**3),PySRFunction(X=>1.0176237 + 5.6555753/(x1**3))
4,7,8.84152e-11,(0.54207426 / (x1 + -1.2901353)) + 0.9203626,14.65599881508313,0.9203626 + 0.54207426/(x1 - 1.2901353),PySRFunction(X=>0.9203626 + 0.54207426/(x1 - 1.2901353))
5,8,7.768601e-13,(-1.7741619 / (1.4462628 - square(x1))) + 0.99696726,4.734538896869742,0.99696726 - 1.7741619/(1.4462628 - x1**2),PySRFunction(X=>0.99696726 - 1.7741619/(1.4462628 - x1**2))
6,9,0.0,((x0 * -0.8501664) + 0.78460634) - (-2.518665 / x1),inf,x0*(-0.8501664) + 0.78460634 - (-1)*2.518665/x1,PySRFunction(X=>x0*(-0.8501664) + 0.78460634 - (-1)*2.518665/x1)
