,complexity,loss,equation,score,sympy_format,lambda_format
0,1,76.44584,7.7620044,0.0,7.76200440000000,PySRFunction(X=>7.76200440000000)
1,3,76.35754,x0 + 7.1863494,0.0005778668628186243,x0 + 7.1863494,PySRFunction(X=>x0 + 7.1863494)
2,4,70.384766,8.576478 - cube(x0),0.08144993481639987,8.576478 - x0**3,PySRFunction(X=>8.576478 - x0**3)
3,5,0.36577168,x0 / (x0 - 0.5582697),5.259722813079649,x0/(x0 - 1*0.5582697),PySRFunction(X=>x0/(x0 - 1*0.5582697))
4,6,0.11318178,0.6067977 / square(x0 - 0.76108885),1.1730141148539106,0.6067977/((x0 - 1*0.76108885)**2),PySRFunction(X=>0.6067977/((x0 - 1*0.76108885)**2))
5,7,5.21185e-07,(0.23166086 / (x0 - 0.5749713)) + 1.5799432,12.288400691617776,1.5799432 + 0.23166086/(x0 - 1*0.5749713),PySRFunction(X=>1.5799432 + 0.23166086/(x0 - 1*0.5749713))
6,8,1.6105635e-13,20.125996 - (square(x0 + -0.57608855) * 33.89294),14.989861319313006,20.125996 - 33.89294*(x0 - 0.57608855)**2,PySRFunction(X=>20.125996 - 33.89294*(x0 - 0.57608855)**2)
7,9,9.4739034e-15,21.475447 - ((29.484596 / x1) + (-3.312166 / x0)),2.833213295625963,21.475447 - (29.484596/x1 - 3.312166/x0),PySRFunction(X=>21.475447 - (29.484596/x1 - 3.312166/x0))
8,11,0.0,((3.312166 / x0) + (23.427084 - (29.484596 / x1))) - 1.9516379,inf,-1*1.9516379 + 23.427084 - 29.484596/x1 + 3.312166/x0,PySRFunction(X=>-1*1.9516379 + 23.427084 - 29.484596/x1 + 3.312166/x0)
