,complexity,loss,equation,score,sympy_format,lambda_format
0,1,0.83873194,1.4774022,0.0,1.47740220000000,PySRFunction(X=>1.47740220000000)
1,3,0.113115035,x0 * 3.063154,1.0017429231350277,x0*3.063154,PySRFunction(X=>x0*3.063154)
2,4,0.025154123,cube(x0 - -0.5864687),1.5033834902509315,(x0 - 1*(-0.5864687))**3,PySRFunction(X=>(x0 - 1*(-0.5864687))**3)
3,5,0.00025970882,-0.49795294 / (x0 + -0.9813067),4.573216018117345,-0.49795294/(x0 - 0.9813067),PySRFunction(X=>-0.49795294/(x0 - 0.9813067))
4,6,1.7342149e-05,-0.43171784 / tanh(x0 + -0.95855653),2.706421183580173,-0.43171784/tanh(x0 - 0.95855653),PySRFunction(X=>-0.43171784/tanh(x0 - 0.95855653))
5,7,4.904457e-08,(-0.3876031 / (x0 + -0.94928795)) + 0.14855139,5.868165699238725,0.14855139 - 0.3876031/(x0 - 0.94928795),PySRFunction(X=>0.14855139 - 0.3876031/(x0 - 0.94928795))
6,8,1.79559e-09,square((0.2881832 - x0) * 2.8072674) + 0.690572,3.307395817778336,7.88075025510276*(0.2881832 - x0)**2 + 0.690572,PySRFunction(X=>7.88075025510276*(0.2881832 - x0)**2 + 0.690572)
7,9,0.0,(x1 * -0.01419881) + ((x0 * 2.3512654) + 0.9137271),inf,x0*2.3512654 + x1*(-0.01419881) + 0.9137271,PySRFunction(X=>x0*2.3512654 + x1*(-0.01419881) + 0.9137271)
