,complexity,loss,equation,score,sympy_format,lambda_format
0,1,0.12761223,2.016307,0.0,2.01630700000000,PySRFunction(X=>2.01630700000000)
1,4,0.051925182,2.7437499 - square(x0),0.2997307793004333,2.7437499 - x0**2,PySRFunction(X=>2.7437499 - x0**2)
2,5,0.00031723297,(x1 * -0.13203184) + 2.5294805,5.097922728702909,2.5294805 + x1*(-0.13203184),PySRFunction(X=>2.5294805 + x1*(-0.13203184))
3,7,1.8947807e-14,(-0.27635297 / (x0 + 0.16664338)) + 1.7764758,11.770607031399498,1.7764758 - 0.27635297/(x0 + 0.16664338),PySRFunction(X=>1.7764758 - 0.27635297/(x0 + 0.16664338))
4,8,0.0,2.4975212 - (square(x0 + 0.2155854) * 0.69945747),inf,2.4975212 - 0.69945747*(x0 + 0.2155854)**2,PySRFunction(X=>2.4975212 - 0.69945747*(x0 + 0.2155854)**2)
