,complexity,loss,equation,score,sympy_format,lambda_format
0,1,17.411451,4.3738813,0.0,4.37388130000000,PySRFunction(X=>4.37388130000000)
1,3,5.692591,x0 * 8.223001,0.5589812942196208,x0*8.223001,PySRFunction(X=>x0*8.223001)
2,4,0.27767655,cube(x0 / 0.44052675),3.0204638366535734,11.6972331041017*x0**3,PySRFunction(X=>11.6972331041017*x0**3)
3,5,0.036403935,-0.79054123 / (x0 + -1.0273153),2.031780073907528,-0.79054123/(x0 - 1.0273153),PySRFunction(X=>-0.79054123/(x0 - 1.0273153))
4,6,0.0006532667,-1.1123621 / cube(x0 + -1.4274448),4.020446683618355,-1.1123621/(x0 - 1.4274448)**3,PySRFunction(X=>-1.1123621/(x0 - 1.4274448)**3)
5,7,1.4397438e-06,(-0.33758324 - x0) / (x0 + -1.0759653),6.117520287467027,(-x0 - 0.33758324)/(x0 - 1.0759653),PySRFunction(X=>(-x0 - 0.33758324)/(x0 - 1.0759653))
6,8,6.2688815e-10,square((x0 * 5.575145) + -2.1583927) + 0.374839,7.739207603491491,(x0*5.575145 - 2.1583927)**2 + 0.374839,PySRFunction(X=>(x0*5.575145 - 2.1583927)**2 + 0.374839)
7,9,0.0,((-4.647099 / x1) - (x0 * -16.619036)) + -3.6065018,inf,-(-16.619036)*x0 - 3.6065018 - 4.647099/x1,PySRFunction(X=>-(-16.619036)*x0 - 3.6065018 - 4.647099/x1)
