,complexity,loss,equation,score,sympy_format,lambda_format
0,1,3.0204499,2.6868997,0.0,2.68689970000000,PySRFunction(X=>2.68689970000000)
1,3,0.81048137,x0 / 0.22109424,0.6577663588415361,x0/0.22109424,PySRFunction(X=>x0/0.22109424)
2,4,0.34863284,cube(x0 * 1.8629836),0.8436090210584535,6.46587188666841*x0**3,PySRFunction(X=>6.46587188666841*x0**3)
3,5,0.009911043,0.63111395 / (1.0262935 - x0),3.5603697440130504,0.63111395/(1.0262935 - x0),PySRFunction(X=>0.63111395/(1.0262935 - x0))
4,6,0.00053852005,0.5808346 / tanh(1.0165496 - x0),2.912580140052866,0.5808346/tanh(1.0165496 - x0),PySRFunction(X=>0.5808346/tanh(1.0165496 - x0))
5,7,1.5100348e-07,(0.89021367 / (1.050638 - x0)) - x0,8.179277125033252,-x0 + 0.89021367/(1.050638 - x0),PySRFunction(X=>-x0 + 0.89021367/(1.050638 - x0))
6,8,4.6912603e-09,square((x0 * 4.5496345) + -1.7013694) + -0.7167453,3.471601615865422,(x0*4.5496345 - 1.7013694)**2 - 0.7167453,PySRFunction(X=>(x0*4.5496345 - 1.7013694)**2 - 0.7167453)
7,9,0.0,(x1 * 0.070262834) - ((0.27708676 / x0) + -2.3580594),inf,x1*0.070262834 - (-2.3580594 + 0.27708676/x0),PySRFunction(X=>x1*0.070262834 - (-2.3580594 + 0.27708676/x0))
