,complexity,loss,equation,score,sympy_format,lambda_format
0,1,0.075079404,1.8320019,0.0,1.83200190000000,PySRFunction(X=>1.83200190000000)
1,3,0.010176807,x0 * 2.6648326,0.9992174828944562,x0*2.6648326,PySRFunction(X=>x0*2.6648326)
2,4,0.00016008073,cube(x0 + 0.5289723),4.152188336195801,(x0 + 0.5289723)**3,PySRFunction(X=>(x0 + 0.5289723)**3)
3,5,3.5487499e-06,(-1.8665206 / x0) + 4.558922,3.809082849858863,4.558922 - 1.8665206/x0,PySRFunction(X=>4.558922 - 1.8665206/x0)
4,6,6.720258e-07,square((-0.7096694 / x0) + 2.3862991),1.664053946964939,(2.3862991 - 0.7096694/x0)**2,PySRFunction(X=>(2.3862991 - 0.7096694/x0)**2)
5,7,1.8703497e-08,((-1.4227365 / x0) + x0) + 3.219544,3.581586220918491,x0 + 3.219544 - 1.4227365/x0,PySRFunction(X=>x0 + 3.219544 - 1.4227365/x0)
6,8,1.5589166e-09,cube((x0 + -1.6326722) / 0.8717051) + 3.1109507,2.4847194189107884,1.50970203121749*(x0 - 1.6326722)**3 + 3.1109507,PySRFunction(X=>1.50970203121749*(x0 - 1.6326722)**3 + 3.1109507)
7,9,0.0,((x0 * 4.2701516) + (x1 * -0.0025568781)) + -1.1030698,inf,x0*4.2701516 + x1*(-0.0025568781) - 1.1030698,PySRFunction(X=>x0*4.2701516 + x1*(-0.0025568781) - 1.1030698)
