,complexity,loss,equation,score,sympy_format,lambda_format
0,1,0.5383177,1.6655827,0.0,1.66558270000000,PySRFunction(X=>1.66558270000000)
1,3,0.028588891,x0 * 3.125051,1.4677153452620273,x0*3.125051,PySRFunction(X=>x0*3.125051)
2,4,0.0032387383,cube(x0 + 0.60559607),2.1778343754124054,(x0 + 0.60559607)**3,PySRFunction(X=>(x0 + 0.60559607)**3)
3,5,0.0007906645,(x0 * 3.9843233) + -0.52540535,1.4100653882227596,x0*3.9843233 - 0.52540535,PySRFunction(X=>x0*3.9843233 - 0.52540535)
4,6,1.7442575e-05,square(x0 - -1.441583) + -2.3343253,3.813959674477861,(x0 - 1*(-1.441583))**2 - 2.3343253,PySRFunction(X=>(x0 - 1*(-1.441583))**2 - 2.3343253)
5,7,4.4152853e-06,(-0.04363328 - square(tanh(x0))) * -5.5389967,1.3738416040846961,(-tanh(x0)**2 - 0.04363328)*(-5.5389967),PySRFunction(X=>(-tanh(x0)**2 - 0.04363328)*(-5.5389967))
6,8,7.6190193e-10,square((-0.80033773 / x0) - -2.3746338) + 0.78163576,8.66476516392734,(-1*(-2.3746338) - 0.80033773/x0)**2 + 0.78163576,PySRFunction(X=>(-1*(-2.3746338) - 0.80033773/x0)**2 + 0.78163576)
7,9,0.0,((x0 * 4.246916) + -0.7164331) + (x1 * 0.003974217),inf,x0*4.246916 + x1*0.003974217 - 0.7164331,PySRFunction(X=>x0*4.246916 + x1*0.003974217 - 0.7164331)
