,complexity,loss,equation,score,sympy_format,lambda_format
0,1,0.07267719,1.017803,0.0,1.01780300000000,PySRFunction(X=>1.01780300000000)
1,3,0.049612463,x0 + 0.87389743,0.19089275391036467,x0 + 0.87389743,PySRFunction(X=>x0 + 0.87389743)
2,4,0.038363066,square(x0 + 0.86213475),0.2571468985005686,(x0 + 0.86213475)**2,PySRFunction(X=>(x0 + 0.86213475)**2)
3,5,0.014343838,(1.3001481 / x1) + 0.8110663,0.9837747315102919,0.8110663 + 1.3001481/x1,PySRFunction(X=>0.8110663 + 1.3001481/x1)
4,6,0.007066654,square((5.301591 / x1) + -1.067827),0.7079333417628313,(-1.067827 + 5.301591/x1)**2,PySRFunction(X=>(-1.067827 + 5.301591/x1)**2)
5,7,1.3885012e-09,(0.018166043 / (x0 + -0.1702823)) + 1.1395437,15.442672766513363,1.1395437 + 0.018166043/(x0 - 0.1702823),PySRFunction(X=>1.1395437 + 0.018166043/(x0 - 0.1702823))
6,9,0.0,((2.937896 / x1) + (x0 * -3.956889)) + 1.1198694,inf,x0*(-3.956889) + 1.1198694 + 2.937896/x1,PySRFunction(X=>x0*(-3.956889) + 1.1198694 + 2.937896/x1)
