,complexity,loss,equation,score,sympy_format,lambda_format
0,1,82.41925,7.1677623,0.0,7.16776230000000,PySRFunction(X=>7.16776230000000)
1,3,11.818734,x0 * 18.431194,0.9710665632467741,x0*18.431194,PySRFunction(X=>x0*18.431194)
2,4,0.14494379,cube(x0) * 21.621792,4.401095166534313,x0**3*21.621792,PySRFunction(X=>x0**3*21.621792)
3,5,0.0029481186,-0.5605386 / (x0 + -1.0025259),3.8951788079077536,-0.5605386/(x0 - 1.0025259),PySRFunction(X=>-0.5605386/(x0 - 1.0025259))
4,6,3.81541e-05,0.7068859 / (0.960791 - cube(x0)),4.347289260697789,0.7068859/(0.960791 - x0**3),PySRFunction(X=>0.7068859/(0.960791 - x0**3))
5,7,2.8043922e-05,(square(cube(x0)) + 0.032666896) * 22.50132,0.3078612984698142,(x0**6 + 0.032666896)*22.50132,PySRFunction(X=>(x0**6 + 0.032666896)*22.50132)
6,8,1.3444996e-09,square((x0 * 5.963857) + -1.3916446) + 0.46876693,9.945505303761017,(x0*5.963857 - 1.3916446)**2 + 0.46876693,PySRFunction(X=>(x0*5.963857 - 1.3916446)**2 + 0.46876693)
7,9,1.1842379e-15,(x0 * 34.88328) + ((1.6659558 / x0) + -15.696757),13.942433011850316,x0*34.88328 - 15.696757 + 1.6659558/x0,PySRFunction(X=>x0*34.88328 - 15.696757 + 1.6659558/x0)
8,10,0.0,(cube(x0) * 21.992334) + ((0.1749652 / x0) + -0.52570367),inf,x0**3*21.992334 - 0.52570367 + 0.1749652/x0,PySRFunction(X=>x0**3*21.992334 - 0.52570367 + 0.1749652/x0)
