,complexity,loss,equation,score,sympy_format,lambda_format
0,1,0.60407376,2.0916634,0.0,2.09166340000000,PySRFunction(X=>2.09166340000000)
1,4,0.4929923,2.013126 / tanh(x1),0.06773425147490332,2.013126/tanh(x1),PySRFunction(X=>2.013126/tanh(x1))
2,5,0.38908705,cube(1.213847 / tanh(x1)),0.23669045775547295,1.788511956888/tanh(x1)**3,PySRFunction(X=>1.788511956888/tanh(x1)**3)
3,6,0.032443818,square((-4.522535 / x1) + 1.7266651),2.4842931809775086,(1.7266651 - 4.522535/x1)**2,PySRFunction(X=>(1.7266651 - 4.522535/x1)**2)
4,7,3.3416825e-10,(-0.9308332 / (x1 - 6.9104404)) + 2.581728,18.391131144816885,2.581728 - 0.9308332/(x1 - 1*6.9104404),PySRFunction(X=>2.581728 - 0.9308332/(x1 - 1*6.9104404))
5,8,1.563194e-13,(square(x1 + -12.8178215) * 0.016878508) + 0.52252305,7.667498537631484,(x1 - 12.8178215)**2*0.016878508 + 0.52252305,PySRFunction(X=>(x1 - 12.8178215)**2*0.016878508 + 0.52252305)
6,9,0.0,(x0 * 4.869861) + ((4.614128 / x1) - 1.5636889),inf,x0*4.869861 - 1*1.5636889 + 4.614128/x1,PySRFunction(X=>x0*4.869861 - 1*1.5636889 + 4.614128/x1)
