,complexity,loss,equation,score,sympy_format,lambda_format
0,1,0.028771872,1.1174213,0.0,1.11742130000000,PySRFunction(X=>1.11742130000000)
1,3,5.133421e-05,x0 * 2.1663089,3.1643980653429713,x0*2.1663089,PySRFunction(X=>x0*2.1663089)
2,4,1.7125954e-05,square(x0 + 0.5384163),1.09776230089592,(x0 + 0.5384163)**2,PySRFunction(X=>(x0 + 0.5384163)**2)
3,6,9.361522e-08,(square(x0) * 1.9650075) - -0.5825666,2.604578696252947,x0**2*1.9650075 - 1*(-0.5825666),PySRFunction(X=>x0**2*1.9650075 - 1*(-0.5825666))
4,8,9.314031e-12,square((-0.029452983 - x0) * 1.3648955) + 0.5521603,4.607713141603315,1.86293972592025*(-x0 - 0.029452983)**2 + 0.5521603,PySRFunction(X=>1.86293972592025*(-x0 - 0.029452983)**2 + 0.5521603)
5,9,0.0,(x1 * ((x0 * 0.032584604) - 0.009557298)) + 0.8952771,inf,x1*(x0*0.032584604 - 1*0.009557298) + 0.8952771,PySRFunction(X=>x1*(x0*0.032584604 - 1*0.009557298) + 0.8952771)
