,complexity,loss,equation,score,sympy_format,lambda_format
0,1,1.1694182,2.2017913,0.0,2.20179130000000,PySRFunction(X=>2.20179130000000)
1,3,0.8493616,x0 + 1.7517776,0.15988831534123127,x0 + 1.7517776,PySRFunction(X=>x0 + 1.7517776)
2,4,0.66826415,square(x0 + 0.99406475),0.2398014789699427,(x0 + 0.99406475)**2,PySRFunction(X=>(x0 + 0.99406475)**2)
3,5,0.5399689,square(cube(x0) + 1.235263),0.21317198419770048,(x0**3 + 1.235263)**2,PySRFunction(X=>(x0**3 + 1.235263)**2)
4,6,0.032515265,square((0.49557588 - x0) * -5.1822715),2.8098018739347306,26.8559378997122*(0.49557588 - x0)**2,PySRFunction(X=>26.8559378997122*(0.49557588 - x0)**2)
5,7,4.1101956e-07,(0.09321027 / (x0 + -0.3387226)) + 3.1703854,11.27857942473207,3.1703854 + 0.09321027/(x0 - 0.3387226),PySRFunction(X=>3.1703854 + 0.09321027/(x0 - 0.3387226))
6,8,8.062588e-10,square((0.5057459 - x0) * 5.8356647) + -0.6856678,6.2339913008077215,34.0549824908261*(0.5057459 - x0)**2 - 0.6856678,PySRFunction(X=>34.0549824908261*(0.5057459 - x0)**2 - 0.6856678)
7,9,0.0,(3.0503685 / x1) + (-0.72342545 - (x0 * -4.6806507)),inf,-(-4.6806507)*x0 - 0.72342545 + 3.0503685/x1,PySRFunction(X=>-(-4.6806507)*x0 - 0.72342545 + 3.0503685/x1)
