,complexity,loss,equation,score,sympy_format,lambda_format
0,1,16.233772,4.4138937,0.0,4.41389370000000,PySRFunction(X=>4.41389370000000)
1,3,1.8524925,square(cube(x0)),1.085280867022843,x0**6,PySRFunction(X=>x0**6)
2,4,0.17285143,cube(68.443504 / x1),2.3718548691765036,320624.500666169/x1**3,PySRFunction(X=>320624.500666169/x1**3)
3,5,0.0016604048,cube(square(x0 + 0.0581672)),4.645371011340309,(x0 + 0.0581672)**6,PySRFunction(X=>(x0 + 0.0581672)**6)
4,6,0.0004079422,cube(x0 * (x0 + 0.118194506)),1.40369120934255,x0**3*(x0 + 0.118194506)**3,PySRFunction(X=>x0**3*(x0 + 0.118194506)**3)
5,7,1.6367304e-09,(4.2981067 / (x0 + 0.38854182)) + 7.627665,12.426180183366958,7.627665 + 4.2981067/(x0 + 0.38854182),PySRFunction(X=>7.627665 + 4.2981067/(x0 + 0.38854182))
6,8,3.6682952e-11,(8.247719 / cube(x0 - 0.20485502)) + 5.3114195,3.7981437483236866,5.3114195 + 8.247719/((x0 - 1*0.20485502)**3),PySRFunction(X=>5.3114195 + 8.247719/((x0 - 1*0.20485502)**3))
7,9,0.0,(x0 * -1.7776225) + ((8.009162 / x0) + 6.8462434),inf,x0*(-1.7776225) + 6.8462434 + 8.009162/x0,PySRFunction(X=>x0*(-1.7776225) + 6.8462434 + 8.009162/x0)
