,complexity,loss,equation,score,sympy_format,lambda_format
0,1,16.348288,4.3492355,0.0,4.34923550000000,PySRFunction(X=>4.34923550000000)
1,3,7.2314496,x1 * 0.095712915,0.407841834190879,x1*0.095712915,PySRFunction(X=>x1*0.095712915)
2,4,0.38505343,cube(x1 * 0.02865314),2.9328126891014805,2.35242976204136e-5*x1**3,PySRFunction(X=>2.35242976204136e-5*x1**3)
3,5,0.00022486149,0.5068874 / (1.0004959 - x0),7.445652770216815,0.5068874/(1.0004959 - x0),PySRFunction(X=>0.5068874/(1.0004959 - x0))
4,7,2.8223565e-06,(0.4931136 / (0.999325 - x0)) + 0.041793447,2.1889562191741723,0.041793447 + 0.4931136/(0.999325 - x0),PySRFunction(X=>0.041793447 + 0.4931136/(0.999325 - x0))
5,9,0.0,((-0.91511947 / x0) + (x1 * 0.23010774)) + -6.2851815,inf,x1*0.23010774 - 6.2851815 - 0.91511947/x0,PySRFunction(X=>x1*0.23010774 - 6.2851815 - 0.91511947/x0)
