,complexity,loss,equation,score,sympy_format,lambda_format
0,1,0.261224,1.454468,0.0,1.45446800000000,PySRFunction(X=>1.45446800000000)
1,3,0.18528736,4.2974887 / x1,0.17173517976908606,4.2974887/x1,PySRFunction(X=>4.2974887/x1)
2,5,0.025672974,(2.5489433 / x1) + 0.72277147,0.9882345370005148,0.72277147 + 2.5489433/x1,PySRFunction(X=>0.72277147 + 2.5489433/x1)
3,6,0.0026195094,square((-0.2868264 / x0) + 1.6643014),2.2824517949253416,(1.6643014 - 0.2868264/x0)**2,PySRFunction(X=>(1.6643014 - 0.2868264/x0)**2)
4,7,5.979455e-08,(0.055698775 / (0.32786494 - x0)) + 1.756537,10.687583086615454,1.756537 + 0.055698775/(0.32786494 - x0),PySRFunction(X=>1.756537 + 0.055698775/(0.32786494 - x0))
5,8,1.0040561e-10,(square(x0 + -0.4178677) - -0.06422168) * 11.753043,6.389451716471117,((x0 - 0.4178677)**2 - 1*(-0.06422168))*11.753043,PySRFunction(X=>((x0 - 0.4178677)**2 - 1*(-0.06422168))*11.753043)
6,9,0.0,((2.557928 / x1) + (x0 * -0.66175157)) + 0.9768785,inf,x0*(-0.66175157) + 0.9768785 + 2.557928/x1,PySRFunction(X=>x0*(-0.66175157) + 0.9768785 + 2.557928/x1)
