,complexity,loss,equation,score,sympy_format,lambda_format
0,1,0.7431791,1.9233309,0.0,1.92333090000000,PySRFunction(X=>1.92333090000000)
1,4,0.73514384,tanh(x0) + 1.2834573,0.003623628240603867,tanh(x0) + 1.2834573,PySRFunction(X=>tanh(x0) + 1.2834573)
2,5,0.4762981,(x1 * -0.013401885) + 2.6465569,0.4340222620298814,2.6465569 + x1*(-0.013401885),PySRFunction(X=>2.6465569 + x1*(-0.013401885))
3,6,0.062638916,square(39.849075 / (x1 + -32.841366)),2.0286571724198077,1587.94877835562/(x1 - 32.841366)**2,PySRFunction(X=>1587.94877835562/(x1 - 32.841366)**2)
4,7,1.8758328e-12,(-22.794596 / (x1 + -77.61773)) - -1.8019363,24.231599862430432,-1*(-1.8019363) - 22.794596/(x1 - 77.61773),PySRFunction(X=>-1*(-1.8019363) - 22.794596/(x1 - 77.61773))
5,9,0.0,((x1 * -0.051346287) + 6.127339) + (-20.919352 / x1),inf,x1*(-0.051346287) + 6.127339 - 20.919352/x1,PySRFunction(X=>x1*(-0.051346287) + 6.127339 - 20.919352/x1)
