,complexity,loss,equation,score,sympy_format,lambda_format
0,1,20.766317,4.0827174,0.0,4.08271740000000,PySRFunction(X=>4.08271740000000)
1,3,0.15338472,10.480049 / x1,2.454069151489152,10.480049/x1,PySRFunction(X=>10.480049/x1)
2,5,0.03293477,x1 / (x1 + -0.904997),0.7692101682450676,x1/(x1 - 0.904997),PySRFunction(X=>x1/(x1 - 0.904997))
3,6,0.0001209666,(9.755236 / square(x1)) + 0.7713174,5.606769743163402,0.7713174 + 9.755236/(x1**2),PySRFunction(X=>0.7713174 + 9.755236/(x1**2))
4,7,1.2178063e-08,(1.5447242 / (x1 + -0.8423756)) + 0.7262494,9.203633534980627,0.7262494 + 1.5447242/(x1 - 0.8423756),PySRFunction(X=>0.7262494 + 1.5447242/(x1 - 0.8423756))
5,8,4.0764428e-10,square((3.080135 / x1) + 0.046710864) + 0.7491379,3.3969965660527177,(0.046710864 + 3.080135/x1)**2 + 0.7491379,PySRFunction(X=>(0.046710864 + 3.080135/x1)**2 + 0.7491379)
6,9,0.0,((x0 * -5.453356) + (10.020329 / x1)) + 0.73546684,inf,x0*(-5.453356) + 0.73546684 + 10.020329/x1,PySRFunction(X=>x0*(-5.453356) + 0.73546684 + 10.020329/x1)
