,complexity,loss,equation,score,sympy_format,lambda_format
0,1,17.208746,4.2280703,0.0,4.22807030000000,PySRFunction(X=>4.22807030000000)
1,3,8.376357,x0 * 7.4709506,0.3600023242593192,x0*7.4709506,PySRFunction(X=>x0*7.4709506)
2,4,2.675069,cube(x0 * 2.1738255),1.1414379200286342,10.2724500171052*x0**3,PySRFunction(X=>10.2724500171052*x0**3)
3,5,0.19239213,-0.47819936 / (x0 + -1.0084332),2.632194820360865,-0.47819936/(x0 - 1.0084332),PySRFunction(X=>-0.47819936/(x0 - 1.0084332))
4,6,0.027490368,-0.9511217 / (cube(x0) + -0.981833),1.945699944255474,-0.9511217/(x0**3 - 0.981833),PySRFunction(X=>-0.9511217/(x0**3 - 0.981833))
5,7,0.00018755252,-1.0621185 / (cube(square(x0)) + -0.8930356),4.987532054901174,-1.0621185/(x0**6 - 0.8930356),PySRFunction(X=>-1.0621185/(x0**6 - 0.8930356))
6,8,3.3479683e-09,(square(x0 + -0.36879036) + -0.08309616) * 37.711952,10.933460507593624,((x0 - 0.36879036)**2 - 0.08309616)*37.711952,PySRFunction(X=>((x0 - 0.36879036)**2 - 0.08309616)*37.711952)
7,9,0.0,(x0 * ((x1 - 3.9260876) * 6.120459)) + 0.1100239,inf,x0*(x1 - 1*3.9260876)*6.120459 + 0.1100239,PySRFunction(X=>x0*(x1 - 1*3.9260876)*6.120459 + 0.1100239)
