,complexity,loss,equation,score,sympy_format,lambda_format
0,1,1.3593854,2.36598,0.0,2.36598000000000,PySRFunction(X=>2.36598000000000)
1,3,0.59584683,x0 * 3.8697608,0.4124021637153691,x0*3.8697608,PySRFunction(X=>x0*3.8697608)
2,4,0.46237186,cube(x0 + 0.66992176),0.25361417828680016,(x0 + 0.66992176)**3,PySRFunction(X=>(x0 + 0.66992176)**3)
3,5,0.19194452,-0.8267169 / (x0 + -1.0830455),0.8791630871670127,-0.8267169/(x0 - 1.0830455),PySRFunction(X=>-0.8267169/(x0 - 1.0830455))
4,6,0.050261337,cube(square(cube(x0)) + 1.1328835),1.3399702385050078,(x0**6 + 1.1328835)**3,PySRFunction(X=>(x0**6 + 1.1328835)**3)
5,7,0.0009033732,((x0 * 390.48267) + -114.60314) / x1,4.018855655341934,(x0*390.48267 - 114.60314)/x1,PySRFunction(X=>(x0*390.48267 - 114.60314)/x1)
6,8,2.8914826e-10,square((x0 + -0.48953384) * 4.5924406) + 0.90197396,14.954706748089198,21.0905106645284*(x0 - 0.48953384)**2 + 0.90197396,PySRFunction(X=>21.0905106645284*(x0 - 0.48953384)**2 + 0.90197396)
7,9,0.0,((x0 * 6.5269547) + (x1 * -0.025295336)) + -0.26819912,inf,x0*6.5269547 + x1*(-0.025295336) - 0.26819912,PySRFunction(X=>x0*6.5269547 + x1*(-0.025295336) - 0.26819912)
