,complexity,loss,equation,score,sympy_format,lambda_format
0,1,0.32108787,1.3827592,0.0,1.38275920000000,PySRFunction(X=>1.38275920000000)
1,4,0.31366712,1.3580517 / tanh(x1),0.007794175933687184,1.3580517/tanh(x1),PySRFunction(X=>1.3580517/tanh(x1))
2,5,0.037737925,(x1 * -0.015678272) + 1.8059883,2.1176667392103856,1.8059883 + x1*(-0.015678272),PySRFunction(X=>1.8059883 + x1*(-0.015678272))
3,6,0.002266172,square(35.44011 / (29.72026 - x1)),2.8125734925737818,1256.0013968121/(29.72026 - x1)**2,PySRFunction(X=>1256.0013968121/(29.72026 - x1)**2)
4,7,3.43429e-14,(5.89877 / (8.860598 - x1)) + 0.71143264,24.9127178788065,0.71143264 + 5.89877/(8.860598 - x1),PySRFunction(X=>0.71143264 + 5.89877/(8.860598 - x1))
5,9,0.0,(((x1 * 0.049405858) + -0.43061322) * x0) + 1.9044788,inf,x0*(x1*0.049405858 - 0.43061322) + 1.9044788,PySRFunction(X=>x0*(x1*0.049405858 - 0.43061322) + 1.9044788)
