,complexity,loss,equation,score,sympy_format,lambda_format
0,1,0.2437915,1.8725317,0.0,1.87253170000000,PySRFunction(X=>1.87253170000000)
1,3,0.12727778,x0 + 1.4061822,0.3249707048896399,x0 + 1.4061822,PySRFunction(X=>x0 + 1.4061822)
2,4,0.11852362,square(x0) + 1.6073294,0.07125967640982211,x0**2 + 1.6073294,PySRFunction(X=>x0**2 + 1.6073294)
3,5,0.03229436,(x0 * 9.609945) / x1,1.3002196636282435,x0*9.609945/x1,PySRFunction(X=>x0*9.609945/x1)
4,6,0.011733692,square((1.451955 / x0) + -3.4268012),1.0124282403283271,(-3.4268012 + 1.451955/x0)**2,PySRFunction(X=>(-3.4268012 + 1.451955/x0)**2)
5,7,1.241657e-05,(x0 + 0.13928322) * (5.8143363 - x1),6.851187769740445,(5.8143363 - x1)*(x0 + 0.13928322),PySRFunction(X=>(5.8143363 - x1)*(x0 + 0.13928322))
6,8,1.9179394e-07,square(((0.7386544 / x1) + x0) + 0.54899067),4.170365583336086,(x0 + 0.54899067 + 0.7386544/x1)**2,PySRFunction(X=>(x0 + 0.54899067 + 0.7386544/x1)**2)
7,9,0.0,(x0 * 2.6679428) - ((-1.864968 / x1) + 0.23096919),inf,x0*2.6679428 - (0.23096919 - 1.864968/x1),PySRFunction(X=>x0*2.6679428 - (0.23096919 - 1.864968/x1))
