,complexity,loss,equation,score,sympy_format,lambda_format
0,1,19.025253,4.3609924,0.0,4.36099240000000,PySRFunction(X=>4.36099240000000)
1,3,1.0902363,10.242222 / x1,1.4296863701072546,10.242222/x1,PySRFunction(X=>10.242222/x1)
2,4,0.7810556,10.556138 / square(x1),0.33350340263188494,10.556138/(x1**2),PySRFunction(X=>10.556138/(x1**2))
3,5,0.045014754,-0.5629245 / (x0 - 0.99972445),2.8536560353863365,-0.5629245/(x0 - 1*0.99972445),PySRFunction(X=>-0.5629245/(x0 - 1*0.99972445))
4,6,0.0009297545,-0.9792731 / (cube(x0) - 0.9402391),3.879825008878371,-0.9792731/(x0**3 - 1*0.9402391),PySRFunction(X=>-0.9792731/(x0**3 - 1*0.9402391))
5,7,3.5787123e-06,(cube(cube(x0)) + 0.07179726) * 15.482578,5.559917529833992,(x0**9 + 0.07179726)*15.482578,PySRFunction(X=>(x0**9 + 0.07179726)*15.482578)
6,8,1.0574818e-09,square((3.776537 / x1) + -0.70175296) + 1.0720011,8.126867900564063,(-0.70175296 + 3.776537/x1)**2 + 1.0720011,PySRFunction(X=>(-0.70175296 + 3.776537/x1)**2 + 1.0720011)
7,9,0.0,(7.686921 / x1) - (2.2373528 - (x0 * 5.36524)),inf,-(2.2373528 - 5.36524*x0) + 7.686921/x1,PySRFunction(X=>-(2.2373528 - 5.36524*x0) + 7.686921/x1)
