,complexity,loss,equation,score,sympy_format,lambda_format
0,1,11.35522,5.5351787,0.0,5.53517870000000,PySRFunction(X=>5.53517870000000)
1,3,8.900319,x0 * 6.620817,0.1217952156511179,x0*6.620817,PySRFunction(X=>x0*6.620817)
2,4,4.7096825,cube(x0 / 0.48034716),0.6364666228026574,9.02265430378529*x0**3,PySRFunction(X=>9.02265430378529*x0**3)
3,5,0.04336055,0.54839975 / (1.0032532 - x0),4.68782573341908,0.54839975/(1.0032532 - x0),PySRFunction(X=>0.54839975/(1.0032532 - x0))
4,6,0.025611782,1.302322 / (0.9837756 - cube(x0)),0.5264975615676275,1.302322/(0.9837756 - x0**3),PySRFunction(X=>1.302322/(0.9837756 - x0**3))
5,7,0.0018732568,2.0142217 / (0.8255229 - cube(cube(x0))),2.6153739596747485,2.0142217/(0.8255229 - x0**9),PySRFunction(X=>2.0142217/(0.8255229 - x0**9))
6,8,2.326232e-06,(0.0045301663 / cube(1.0337967 - x0)) - -2.61319,6.691184008123552,-1*(-2.61319) + 0.0045301663/((1.0337967 - x0)**3),PySRFunction(X=>-1*(-2.61319) + 0.0045301663/((1.0337967 - x0)**3))
7,9,1.8947807e-14,((x0 * 48.946796) + -36.15022) + (x1 * -0.028203614),18.625827428877365,x0*48.946796 + x1*(-0.028203614) - 36.15022,PySRFunction(X=>x0*48.946796 + x1*(-0.028203614) - 36.15022)
8,11,0.0,((1.5277164 / x1) + -0.23813131) + (cube(cube(x0)) * 15.360325),inf,x0**9*15.360325 - 0.23813131 + 1.5277164/x1,PySRFunction(X=>x0**9*15.360325 - 0.23813131 + 1.5277164/x1)
