,complexity,loss,equation,score,sympy_format,lambda_format
0,1,0.83450717,1.3752818,0.0,1.37528180000000,PySRFunction(X=>1.37528180000000)
1,3,0.06851966,x0 * 3.4244146,1.2498603118237428,x0*3.4244146,PySRFunction(X=>x0*3.4244146)
2,4,0.027041571,cube(x0 + 0.64050066),0.9297453627892323,(x0 + 0.64050066)**3,PySRFunction(X=>(x0 + 0.64050066)**3)
3,5,0.0016521228,(1.9801905 / x1) + 0.685544,2.7953143421229245,0.685544 + 1.9801905/x1,PySRFunction(X=>0.685544 + 1.9801905/x1)
4,6,4.320289e-05,square((-2.5438173 / x1) + 0.9108466),3.6439088942980824,(0.9108466 - 2.5438173/x1)**2,PySRFunction(X=>(0.9108466 - 2.5438173/x1)**2)
5,7,5.231963e-12,0.80358696 - (3.0622287 / (x1 + -2.643638)),15.926631406860457,0.80358696 - 3.0622287/(x1 - 2.643638),PySRFunction(X=>0.80358696 - 3.0622287/(x1 - 2.643638))
6,9,0.0,(x1 * -0.021078791) - ((0.19724983 / x0) - 2.951416),inf,x1*(-0.021078791) - (-1*2.951416 + 0.19724983/x0),PySRFunction(X=>x1*(-0.021078791) - (-1*2.951416 + 0.19724983/x0))
