,complexity,loss,equation,score,sympy_format,lambda_format
0,1,0.29691395,2.7536185,0.0,2.75361850000000,PySRFunction(X=>2.75361850000000)
1,3,0.15349369,x0 * 2.9243932,0.3298914537462396,x0*2.9243932,PySRFunction(X=>x0*2.9243932)
2,4,0.028693222,cube(x0 * 1.4737884),1.6769985310641462,3.20114540725883*x0**3,PySRFunction(X=>3.20114540725883*x0**3)
3,5,0.0211033,0.6646707 / (1.2011998 - x0),0.30723150126893517,0.6646707/(1.2011998 - x0),PySRFunction(X=>0.6646707/(1.2011998 - x0))
4,6,0.0189984,1.7171025 / (1.5153425 - cube(x0)),0.10507466126315856,1.7171025/(1.5153425 - x0**3),PySRFunction(X=>1.7171025/(1.5153425 - x0**3))
5,7,1.3193358e-10,(1.8786027 / (x1 - 20.15036)) + 2.830958,18.785321987910894,2.830958 + 1.8786027/(x1 - 1*20.15036),PySRFunction(X=>2.830958 + 1.8786027/(x1 - 1*20.15036))
6,9,0.0,(11.014647 * x0) + ((x1 * -0.0075423457) - 7.4041963),inf,11.014647*x0 + x1*(-0.0075423457) - 1*7.4041963,PySRFunction(X=>11.014647*x0 + x1*(-0.0075423457) - 1*7.4041963)
