,complexity,loss,equation,score,sympy_format,lambda_format
0,1,3.2244625,2.6624582,0.0,2.66245820000000,PySRFunction(X=>2.66245820000000)
1,3,0.68374753,x0 / 0.21720165,0.775466403687276,x0/0.21720165,PySRFunction(X=>x0/0.21720165)
2,4,0.1378714,cube(x0 * 1.8996038),1.6012673746728774,6.85471004869211*x0**3,PySRFunction(X=>6.85471004869211*x0**3)
3,5,0.013855313,-0.7152459 / (x0 + -1.0411986),2.29765259744324,-0.7152459/(x0 - 1.0411986),PySRFunction(X=>-0.7152459/(x0 - 1.0411986))
4,6,0.00013136119,square(0.8789939 / (x0 + -1.2910784)),4.6584733434268575,0.77263027623721/(x0 - 1.2910784)**2,PySRFunction(X=>0.77263027623721/(x0 - 1.2910784)**2)
5,7,4.054064e-09,(-1.0848969 / (x0 + -1.0933875)) + -0.5564463,10.385986148937166,-0.5564463 - 1.0848969/(x0 - 1.0933875),PySRFunction(X=>-0.5564463 - 1.0848969/(x0 - 1.0933875))
6,9,0.0,(x0 * 6.893522) - ((2.2695136 / x1) + 0.9221356),inf,x0*6.893522 - (0.9221356 + 2.2695136/x1),PySRFunction(X=>x0*6.893522 - (0.9221356 + 2.2695136/x1))
