,complexity,loss,equation,score,sympy_format,lambda_format
0,1,6.4476814,2.558317,0.0,2.55831700000000,PySRFunction(X=>2.55831700000000)
1,3,3.5078092,x1 * 0.13779466,0.3043644551243241,x1*0.13779466,PySRFunction(X=>x1*0.13779466)
2,4,2.382855,cube(x0 * 2.2154965),0.3866923344706487,10.8745978353338*x0**3,PySRFunction(X=>10.8745978353338*x0**3)
3,5,0.60234094,84.51371 / (64.720375 - x1),1.375230997065769,84.51371/(64.720375 - x1),PySRFunction(X=>84.51371/(64.720375 - x1))
4,6,0.3624761,1.5597932 / (1.0134546 - cube(x0)),0.5078650894239751,1.5597932/(1.0134546 - x0**3),PySRFunction(X=>1.5597932/(1.0134546 - x0**3))
5,7,0.20568368,1.4279845 / (tanh(x1) - cube(x0)),0.5666190864182568,1.4279845/(-x0**3 + tanh(x1)),PySRFunction(X=>1.4279845/(-x0**3 + tanh(x1)))
6,8,0.12196052,square((-20.770113 / (37.977604 - x1)) + 2.026271),0.5226420688644653,(2.026271 - 20.770113/(37.977604 - x1))**2,PySRFunction(X=>(2.026271 - 20.770113/(37.977604 - x1))**2)
7,10,0.030732889,(0.52407897 / (1.0023655 - x0)) / tanh(x0 * x1),0.6891820008573523,0.52407897/((1.0023655 - x0)*tanh(x0*x1)),PySRFunction(X=>0.52407897/((1.0023655 - x0)*tanh(x0*x1)))
8,11,0.0,(0.5 / (1.0 - x0)) + ((0.5 / x0) / x1),inf,0.5/(1.0 - x0) + 0.5/(x0*x1),PySRFunction(X=>0.5/(1.0 - x0) + 0.5/(x0*x1))
