,complexity,loss,equation,score,sympy_format,lambda_format
0,1,0.7624481,2.8322902,0.0,2.83229020000000,PySRFunction(X=>2.83229020000000)
1,3,0.52750796,3.3322902 - x0,0.18418524265373432,3.3322902 - x0,PySRFunction(X=>3.3322902 - x0)
2,4,0.48546734,square(x0 - 2.145359),0.08305194066995601,(x0 - 1*2.145359)**2,PySRFunction(X=>(x0 - 1*2.145359)**2)
3,5,0.024841303,x1 / (x0 - -0.10539929),2.972604303207694,x1/(x0 - 1*(-0.10539929)),PySRFunction(X=>x1/(x0 - 1*(-0.10539929)))
4,6,0.0015816153,x1 / tanh(x0 / 0.5799634),2.7540610448305283,x1/tanh(x0/0.5799634),PySRFunction(X=>x1/tanh(x0/0.5799634))
5,7,3.5895198e-10,(0.18613765 / (0.42161274 - x0)) + 3.2511022,15.298523884426125,3.2511022 + 0.18613765/(0.42161274 - x0),PySRFunction(X=>3.2511022 + 0.18613765/(0.42161274 - x0))
6,8,8.977471e-11,square((x0 - 0.539189) * 3.7559206) + 1.7996294,1.3858853092869083,14.1069395535044*(x0 - 1*0.539189)**2 + 1.7996294,PySRFunction(X=>14.1069395535044*(x0 - 1*0.539189)**2 + 1.7996294)
7,9,0.0,(0.5235731 / x0) - ((x1 * -1.2096175) + 0.7637188),inf,-(0.7637188 + x1*(-1.2096175)) + 0.5235731/x0,PySRFunction(X=>-(0.7637188 + x1*(-1.2096175)) + 0.5235731/x0)
