,complexity,loss,equation,score,sympy_format,lambda_format
0,1,3.170479,2.8581681,0.0,2.85816810000000,PySRFunction(X=>2.85816810000000)
1,3,0.81544876,x0 * 5.45787,0.6789496860441033,x0*5.45787,PySRFunction(X=>x0*5.45787)
2,4,0.66586304,cube(x0 - -0.8283926),0.20265458372221296,(x0 - 1*(-0.8283926))**3,PySRFunction(X=>(x0 - 1*(-0.8283926))**3)
3,5,0.028598728,x0 * (9.090893 - x1),3.147721762434512,x0*(9.090893 - x1),PySRFunction(X=>x0*(9.090893 - x1))
4,6,0.00022206506,square((x0 - 0.54520935) * 6.4296823),4.858147118293652,41.3408144789333*(x0 - 1*0.54520935)**2,PySRFunction(X=>41.3408144789333*(x0 - 1*0.54520935)**2)
5,7,4.216512e-09,(-2.5300965 / (x1 + -3.8621864)) + 1.5904497,10.871717434992087,1.5904497 - 2.5300965/(x1 - 3.8621864),PySRFunction(X=>1.5904497 - 2.5300965/(x1 - 3.8621864))
6,8,2.3684757e-14,(square(x1 + -3.899557) * -0.3472896) + 5.3941474,12.089687127290002,5.3941474 + (x1 - 3.899557)**2*(-0.3472896),PySRFunction(X=>5.3941474 + (x1 - 3.899557)**2*(-0.3472896))
7,9,0.0,(x0 * 5.7462406) + (1.0819224 - (x1 * 0.3314609)),inf,x0*5.7462406 - 0.3314609*x1 + 1.0819224,PySRFunction(X=>x0*5.7462406 - 0.3314609*x1 + 1.0819224)
