,complexity,loss,equation,score,sympy_format,lambda_format
0,1,3.6424553,2.4343944,0.0,2.43439440000000,PySRFunction(X=>2.43439440000000)
1,3,0.95969796,x0 * 4.5951853,0.6668973281228281,x0*4.5951853,PySRFunction(X=>x0*4.5951853)
2,4,0.18204482,cube(x0 * 1.9039963),1.66236568946193,6.9023710241806*x0**3,PySRFunction(X=>6.9023710241806*x0**3)
3,5,0.0011230413,-0.58658576 / (x0 + -1.0150789),5.088212468923515,-0.58658576/(x0 - 1.0150789),PySRFunction(X=>-0.58658576/(x0 - 1.0150789))
4,6,0.00044278064,-0.52633315 / tanh(x0 + -1.0035769),0.9307212524456389,-0.52633315/tanh(x0 - 1.0035769),PySRFunction(X=>-0.52633315/tanh(x0 - 1.0035769))
5,7,5.2236377e-08,(-0.50389 / (x0 + -1.0015666)) + 0.1373944,9.045050627513314,0.1373944 - 0.50389/(x0 - 1.0015666),PySRFunction(X=>0.1373944 - 0.50389/(x0 - 1.0015666))
6,8,5.864346e-10,square((x0 * 3.9332433) + -1.324265) + 0.18963942,4.489473255634527,(x0*3.9332433 - 1.324265)**2 + 0.18963942,PySRFunction(X=>(x0*3.9332433 - 1.324265)**2 + 0.18963942)
7,9,0.0,((x1 + -21.321585) * (0.5130026 - x0)) * 0.8392866,inf,(x1 - 21.321585)*(0.5130026 - x0)*0.8392866,PySRFunction(X=>(x1 - 21.321585)*(0.5130026 - x0)*0.8392866)
