,complexity,loss,equation,score,sympy_format,lambda_format
0,1,0.10067066,1.1467636,0.0,1.14676360000000,PySRFunction(X=>1.14676360000000)
1,3,0.096179724,1.5384319 - x0,0.02281791528410374,1.5384319 - x0,PySRFunction(X=>1.5384319 - x0)
2,4,0.082756124,1.1319548 / tanh(x1),0.1503205486647793,1.1319548/tanh(x1),PySRFunction(X=>1.1319548/tanh(x1))
3,5,0.004908471,(1.2748853 / x1) + 0.86584496,2.82493552954674,0.86584496 + 1.2748853/x1,PySRFunction(X=>0.86584496 + 1.2748853/x1)
4,6,0.0013093892,tanh(6.6955066 / x1) + 0.6067155,1.3214017190761207,tanh(6.6955066/x1) + 0.6067155,PySRFunction(X=>tanh(6.6955066/x1) + 0.6067155)
5,7,1.0658141e-14,(8.28429 / (x1 + 7.1553545)) + 0.6469083,25.534257871580795,0.6469083 + 8.28429/(x1 + 7.1553545),PySRFunction(X=>0.6469083 + 8.28429/(x1 + 7.1553545))
6,9,0.0,((x0 * 1.3124425) - (-1.4098083 / x1)) - -0.3220748,inf,x0*1.3124425 - 1*(-0.3220748) - (-1)*1.4098083/x1,PySRFunction(X=>x0*1.3124425 - 1*(-0.3220748) - (-1)*1.4098083/x1)
