,complexity,loss,equation,score,sympy_format,lambda_format
0,1,1.4311514,1.8468748,0.0,1.84687480000000,PySRFunction(X=>1.84687480000000)
1,3,0.16217773,10.205299 / x1,1.0887708707375021,10.205299/x1,PySRFunction(X=>10.205299/x1)
2,4,0.09689409,cube(x0 + 0.6488316),0.5150743063001321,(x0 + 0.6488316)**3,PySRFunction(X=>(x0 + 0.6488316)**3)
3,5,0.0013610236,cube(cube(x0) + 0.9118454),4.265381462614611,(x0**3 + 0.9118454)**3,PySRFunction(X=>(x0**3 + 0.9118454)**3)
4,6,0.00011050318,-0.554374 / tanh(x0 + -1.0088234),2.510948043867899,-0.554374/tanh(x0 - 1.0088234),PySRFunction(X=>-0.554374/tanh(x0 - 1.0088234))
5,7,9.939937e-10,(1.6111802 / (x1 + -2.5928915)) + 0.6908885,11.618823988180218,0.6908885 + 1.6111802/(x1 - 2.5928915),PySRFunction(X=>0.6908885 + 1.6111802/(x1 - 2.5928915))
6,9,0.0,(19.438276 / x1) + ((x1 * 0.15937632) + -3.130338),inf,x1*0.15937632 - 3.130338 + 19.438276/x1,PySRFunction(X=>x1*0.15937632 - 3.130338 + 19.438276/x1)
