,complexity,loss,equation,score,sympy_format,lambda_format
0,1,0.045701187,0.5906524,0.0,0.590652400000000,PySRFunction(X=>0.590652400000000)
1,3,0.012722497,0.9656523 - x0,0.6393762138132653,0.9656523 - x0,PySRFunction(X=>0.9656523 - x0)
2,4,0.008520049,0.93282616 - tanh(x0),0.4009497516797158,0.93282616 - tanh(x0),PySRFunction(X=>0.93282616 - tanh(x0))
3,5,0.00069519365,0.36094692 - (-0.039668985 / x0),2.505986931133206,0.36094692 - (-1)*0.039668985/x0,PySRFunction(X=>0.36094692 - (-1)*0.039668985/x0)
4,6,0.00013600448,0.4378672 - (-0.00019180775 / cube(x0)),1.6315026134773523,0.4378672 - (-1)*0.00019180775/(x0**3),PySRFunction(X=>0.4378672 - (-1)*0.00019180775/(x0**3))
5,7,6.855538e-09,(-0.016184902 / (x0 + -0.11452839)) + 0.4831428,9.895386312558225,0.4831428 - 0.016184902/(x0 - 0.11452839),PySRFunction(X=>0.4831428 - 0.016184902/(x0 - 0.11452839))
6,8,1.1069664e-10,square((x0 * -1.6360317) + 0.82679963) - -0.39683193,4.126018584825595,(0.82679963 + x0*(-1.6360317))**2 - 1*(-0.39683193),PySRFunction(X=>(0.82679963 + x0*(-1.6360317))**2 - 1*(-0.39683193))
7,9,0.0,((x0 * -1.4340158) - (-1.0528339 / x1)) + 0.9409461,inf,x0*(-1.4340158) + 0.9409461 - (-1)*1.0528339/x1,PySRFunction(X=>x0*(-1.4340158) + 0.9409461 - (-1)*1.0528339/x1)
