,complexity,loss,equation,score,sympy_format,lambda_format
0,1,0.031840008,1.0651406,0.0,1.06514060000000,PySRFunction(X=>1.06514060000000)
1,4,0.018911554,cube(x0) + 0.9781971,0.1736501847323824,x0**3 + 0.9781971,PySRFunction(X=>x0**3 + 0.9781971)
2,5,0.018571498,-283.79437 / (x1 + -305.25177),0.018145018180465596,-283.79437/(x1 - 305.25177),PySRFunction(X=>-283.79437/(x1 - 305.25177))
3,6,0.011957307,square(x0 + 0.23829299) / x0,0.4402854839103595,(x0 + 0.23829299)**2/x0,PySRFunction(X=>(x0 + 0.23829299)**2/x0)
4,7,2.8895405e-13,(2.3370407 / (x1 + -29.866312)) + 1.2093208,24.446095992941657,1.2093208 + 2.3370407/(x1 - 29.866312),PySRFunction(X=>1.2093208 + 2.3370407/(x1 - 29.866312))
5,9,0.0,((10.176673 / x1) + -0.61478305) - (x0 * -2.9003127),inf,-(-2.9003127)*x0 - 0.61478305 + 10.176673/x1,PySRFunction(X=>-(-2.9003127)*x0 - 0.61478305 + 10.176673/x1)
