,complexity,loss,equation,score,sympy_format,lambda_format
0,1,0.72784215,1.8196691,0.0,1.81966910000000,PySRFunction(X=>1.81966910000000)
1,3,0.48464942,x0 + 1.4363441,0.20332920678263383,x0 + 1.4363441,PySRFunction(X=>x0 + 1.4363441)
2,5,0.03687964,(x1 * -0.018300045) + 2.4748254,1.2878830734727607,2.4748254 + x1*(-0.018300045),PySRFunction(X=>2.4748254 + x1*(-0.018300045))
3,6,0.004226884,square(-51.14583 / (x1 + -36.88172)),2.166194558675074,2615.8959263889/(x1 - 36.88172)**2,PySRFunction(X=>2615.8959263889/(x1 - 36.88172)**2)
4,7,5.4017474e-10,(-21.609764 / (x1 + -18.246735)) - -0.8997538,15.87283823571768,-1*(-0.8997538) - 21.609764/(x1 - 18.246735),PySRFunction(X=>-1*(-0.8997538) - 21.609764/(x1 - 18.246735))
5,9,0.0,(2.8541727 / x1) + ((x0 * 2.395556) + 0.1876714),inf,x0*2.395556 + 0.1876714 + 2.8541727/x1,PySRFunction(X=>x0*2.395556 + 0.1876714 + 2.8541727/x1)
