,complexity,loss,equation,score,sympy_format,lambda_format
0,1,76.20341,7.6997714,0.0,7.69977140000000,PySRFunction(X=>7.69977140000000)
1,3,3.359169,x1 * x0,1.5608562951949674,x0*x1,PySRFunction(X=>x0*x1)
2,4,0.48727635,cube(x0 / 0.35873252),1.9306174849993578,21.6614614912944*x0**3,PySRFunction(X=>21.6614614912944*x0**3)
3,5,0.02504663,-1.2308024 / (x0 + -1.0364498),2.968092128397681,-1.2308024/(x0 - 1.0364498),PySRFunction(X=>-1.2308024/(x0 - 1.0364498))
4,6,5.7835263e-05,1.4939604 / square(1.2481118 - x0),6.070895890368381,1.4939604/((1.2481118 - x0)**2),PySRFunction(X=>1.4939604/((1.2481118 - x0)**2))
5,7,1.6746146e-05,(-1.0089508 - x0) / (x0 + -1.0740559),1.2394305339122333,(-x0 - 1.0089508)/(x0 - 1.0740559),PySRFunction(X=>(-x0 - 1.0089508)/(x0 - 1.0740559))
6,8,6.3862835e-09,cube((x0 + -0.038363326) * 2.8509946) + 0.9872468,7.871770933932259,23.1733693743932*(x0 - 0.038363326)**3 + 0.9872468,PySRFunction(X=>23.1733693743932*(x0 - 0.038363326)**3 + 0.9872468)
7,9,0.0,(0.0019849797 - x0) * ((x1 * -0.91462684) + -4.319681),inf,(0.0019849797 - x0)*(x1*(-0.91462684) - 4.319681),PySRFunction(X=>(0.0019849797 - x0)*(x1*(-0.91462684) - 4.319681))
