,complexity,loss,equation,score,sympy_format,lambda_format
0,1,0.12734735,1.204619,0.0,1.20461900000000,PySRFunction(X=>1.20461900000000)
1,3,0.042530607,x0 + 0.77961826,0.5483472054861069,x0 + 0.77961826,PySRFunction(X=>x0 + 0.77961826)
2,4,0.040484026,square(x0 + 0.64757967),0.049316504886608645,(x0 + 0.64757967)**2,PySRFunction(X=>(x0 + 0.64757967)**2)
3,5,0.017697258,1.69532 - (0.14378847 / x0),0.8274977642305384,1.69532 - 0.14378847/x0,PySRFunction(X=>1.69532 - 0.14378847/x0)
4,6,0.0011067247,(cube(x1) * -6.5025124e-5) + 1.61567,2.772004779680531,1.61567 + x1**3*(-6.5025124e-5),PySRFunction(X=>1.61567 + x1**3*(-6.5025124e-5))
5,7,3.1777958e-10,(-0.059662007 / (0.43300968 - x0)) + 0.93960774,15.06331277180055,0.93960774 - 0.059662007/(0.43300968 - x0),PySRFunction(X=>0.93960774 - 0.059662007/(0.43300968 - x0))
6,9,0.0,(x1 * -0.019548392) + (1.7951937 - (0.09042412 / x0)),inf,x1*(-0.019548392) + 1.7951937 - 0.09042412/x0,PySRFunction(X=>x1*(-0.019548392) + 1.7951937 - 0.09042412/x0)
