,complexity,loss,equation,score,sympy_format,lambda_format
0,1,11.739207,2.957838,0.0,2.95783800000000,PySRFunction(X=>2.95783800000000)
1,3,0.41330412,7.719909 / x1,1.6732529271192316,7.719909/x1,PySRFunction(X=>7.719909/x1)
2,4,0.3577204,square(2.7876015 / x1),0.14443201434349617,7.77072212280225/x1**2,PySRFunction(X=>7.77072212280225/x1**2)
3,5,0.004135151,cube(square(x0 * 1.5218843)),4.460227830328197,12.4248118488535*x0**6,PySRFunction(X=>12.4248118488535*x0**6)
4,6,0.00051543425,tanh(square(cube(x0))) * 13.983514,2.0822693750737478,tanh(x0**6)*13.983514,PySRFunction(X=>tanh(x0**6)*13.983514)
5,7,5.3524404e-06,cube(cube((x0 * 0.91414815) + 0.41026127)),4.567457142814494,(x0*0.91414815 + 0.41026127)**9,PySRFunction(X=>(x0*0.91414815 + 0.41026127)**9)
6,8,5.2585475e-10,square((x0 + -0.45585814) * 6.0742726) + -0.35045797,9.228038130480888,36.8967876191108*(x0 - 0.45585814)**2 - 0.35045797,PySRFunction(X=>36.8967876191108*(x0 - 0.45585814)**2 - 0.35045797)
7,9,1.8503718000000002e-17,(((21.892773 / x1) - 15.518328) / x1) + 1.3958864,17.162563907018825,1.3958864 + (-1*15.518328 + 21.892773/x1)/x1,PySRFunction(X=>1.3958864 + (-1*15.518328 + 21.892773/x1)/x1)
8,10,0.0,((x1 * -0.040304333) - (cube(x0) * -9.811415)) + 0.045360304,inf,-(-9.811415)*x0**3 + x1*(-0.040304333) + 0.045360304,PySRFunction(X=>-(-9.811415)*x0**3 + x1*(-0.040304333) + 0.045360304)
