,complexity,loss,equation,score,sympy_format,lambda_format
0,1,0.4720076,1.7115014,0.0,1.71150140000000,PySRFunction(X=>1.71150140000000)
1,3,0.046207886,x0 * 3.0172143,1.1619223054943926,x0*3.0172143,PySRFunction(X=>x0*3.0172143)
2,5,0.0033733759,28.39048 / (x1 + 10.698429),1.3086182412366916,28.39048/(x1 + 10.698429),PySRFunction(X=>28.39048/(x1 + 10.698429))
3,6,6.779378e-08,cube(66.18752 / (x1 + 48.517902)),10.814954101327984,289953.480376486/(x1 + 48.517902)**3,PySRFunction(X=>289953.480376486/(x1 + 48.517902)**3)
4,7,7.2238514e-14,(67.57123 / (x1 + 20.464024)) + -0.76030797,13.75200766971323,-0.76030797 + 67.57123/(x1 + 20.464024),PySRFunction(X=>-0.76030797 + 67.57123/(x1 + 20.464024))
5,9,0.0,((x1 * -0.118860126) - (-0.5676157 / x0)) + 1.6957879,inf,x1*(-0.118860126) + 1.6957879 - (-1)*0.5676157/x0,PySRFunction(X=>x1*(-0.118860126) + 1.6957879 - (-1)*0.5676157/x0)
