,complexity,loss,equation,score,sympy_format,lambda_format
0,1,3.4136956,2.4465063,0.0,2.44650630000000,PySRFunction(X=>2.44650630000000)
1,3,0.6087637,x0 / 0.21023795,0.8620602789145838,x0/0.21023795,PySRFunction(X=>x0/0.21023795)
2,4,0.0035300532,square(x0 / -0.40112627),5.150117237623862,6.21495215687095*x0**2,PySRFunction(X=>6.21495215687095*x0**2)
3,6,7.965077e-05,cube((x0 * 1.3843844) + 0.46619612),1.895708258515783,(x0*1.3843844 + 0.46619612)**3,PySRFunction(X=>(x0*1.3843844 + 0.46619612)**3)
4,8,1.9609085e-10,square((x0 * 2.6438477) + -0.21818715) - -0.34646907,6.457292094660868,(x0*2.6438477 - 0.21818715)**2 - 1*(-0.34646907),PySRFunction(X=>(x0*2.6438477 - 0.21818715)**2 - 1*(-0.34646907))
5,9,0.0,((x0 * 7.4427013) + -1.6524744) + (-0.8965743 / x1),inf,x0*7.4427013 - 1.6524744 - 0.8965743/x1,PySRFunction(X=>x0*7.4427013 - 1.6524744 - 0.8965743/x1)
