,complexity,loss,equation,score,sympy_format,lambda_format
0,1,80.10916,7.405349,0.0,7.40534900000000,PySRFunction(X=>7.40534900000000)
1,3,9.126324,x0 * 18.955278,1.0861136098780757,x0*18.955278,PySRFunction(X=>x0*18.955278)
2,4,0.6801012,cube(x0 * 2.786897),2.5966766531892715,21.6452573746798*x0**3,PySRFunction(X=>21.6452573746798*x0**3)
3,5,0.1613646,-0.824109 / (x0 + -1.0160899),1.438575209702141,-0.824109/(x0 - 1.0160899),PySRFunction(X=>-0.824109/(x0 - 1.0160899))
4,6,0.07142871,square((x1 * -0.16210699) + 2.355813),0.8149665115593036,(2.355813 + x1*(-0.16210699))**2,PySRFunction(X=>(2.355813 + x1*(-0.16210699))**2)
5,7,7.996991e-08,(-1.6274068 / (0.8764691 - x0)) + 3.5400805,13.702560008408138,3.5400805 - 1.6274068/(0.8764691 - x0),PySRFunction(X=>3.5400805 - 1.6274068/(0.8764691 - x0))
6,8,2.724884e-10,square((x0 + -0.24922697) * -6.0741615) + 0.62223184,5.681809673513387,36.8954379280822*(x0 - 0.24922697)**2 + 0.62223184,PySRFunction(X=>36.8954379280822*(x0 - 0.24922697)**2 + 0.62223184)
7,9,4.7369517e-15,(((x0 * 36.895176) + -18.390371) * x0) + 2.9139125,10.959957495809176,x0*(x0*36.895176 - 18.390371) + 2.9139125,PySRFunction(X=>x0*(x0*36.895176 - 18.390371) + 2.9139125)
8,10,0.0,((x0 * -7.120573) + 2.1290517) + (cube(x0) * 26.832855),inf,x0**3*26.832855 + x0*(-7.120573) + 2.1290517,PySRFunction(X=>x0**3*26.832855 + x0*(-7.120573) + 2.1290517)
