,complexity,loss,equation,score,sympy_format,lambda_format
0,1,60.043583,9.172555,0.0,9.17255500000000,PySRFunction(X=>9.17255500000000)
1,3,7.5455112,x1 * 0.2697115,1.0370589192314856,x1*0.2697115,PySRFunction(X=>x1*0.2697115)
2,5,0.053486705,0.5471749 / (1.0023602 - x0),2.474637502019625,0.5471749/(1.0023602 - x0),PySRFunction(X=>0.5471749/(1.0023602 - x0))
3,6,0.0020599694,1.394991 / (0.99658924 - cube(x0)),3.2567419900244308,1.394991/(0.99658924 - x0**3),PySRFunction(X=>1.394991/(0.99658924 - x0**3))
4,7,0.00011603738,0.46011707 / ((0.99858695 - x0) * x0),2.876534026727295,0.46011707/((x0*(0.99858695 - x0))),PySRFunction(X=>0.46011707/((x0*(0.99858695 - x0))))
5,8,1.5158245e-13,(tanh(x1 / 12.318746) + 0.010066256) * 19.808878,20.456048516188023,(tanh(x1/12.318746) + 0.010066256)*19.808878,PySRFunction(X=>(tanh(x1/12.318746) + 0.010066256)*19.808878)
6,9,0.0,((x1 * 0.18212295) + (-5.7812657 / x1)) + 6.427875,inf,x1*0.18212295 + 6.427875 - 5.7812657/x1,PySRFunction(X=>x1*0.18212295 + 6.427875 - 5.7812657/x1)
