,complexity,loss,equation,score,sympy_format,lambda_format
0,1,0.04136922,0.9821423,0.0,0.982142300000000,PySRFunction(X=>0.982142300000000)
1,3,0.00928223,x0 + 0.5737948,0.7472176531994799,x0 + 0.5737948,PySRFunction(X=>x0 + 0.5737948)
2,4,0.0065352716,tanh(x0) * 2.5326781,0.3508879126155347,tanh(x0)*2.5326781,PySRFunction(X=>tanh(x0)*2.5326781)
3,5,0.0013610846,(-0.29934925 / x0) + 1.7733686,1.5689320251250716,1.7733686 - 0.29934925/x0,PySRFunction(X=>1.7733686 - 0.29934925/x0)
4,6,4.471689e-05,1.3238194 - (0.0156212095 / cube(x0)),3.4156858782956485,1.3238194 - 0.0156212095/(x0**3),PySRFunction(X=>1.3238194 - 0.0156212095/(x0**3))
5,7,1.2706873e-11,(-0.06529527 / (x0 + -0.20300967)) + 1.4131142,15.073718812383342,1.4131142 - 0.06529527/(x0 - 0.20300967),PySRFunction(X=>1.4131142 - 0.06529527/(x0 - 0.20300967))
6,9,0.0,(x1 * -0.002933877) - ((0.2673044 / x0) - 1.7546324),inf,x1*(-0.002933877) - (-1*1.7546324 + 0.2673044/x0),PySRFunction(X=>x1*(-0.002933877) - (-1*1.7546324 + 0.2673044/x0))
