,complexity,loss,equation,score,sympy_format,lambda_format
0,1,0.24351914,1.1748538,0.0,1.17485380000000,PySRFunction(X=>1.17485380000000)
1,3,0.0559666,x0 + 0.8248485,0.7352202294500939,x0 + 0.8248485,PySRFunction(X=>x0 + 0.8248485)
2,4,0.045612562,square(x1 * -0.024045661),0.20457192319129022,0.000578193812926921*x1**2,PySRFunction(X=>0.000578193812926921*x1**2)
3,5,0.0039335894,square(cube(x0) + 0.92431426),2.4506308186587553,(x0**3 + 0.92431426)**2,PySRFunction(X=>(x0**3 + 0.92431426)**2)
4,6,0.0007587422,tanh(-56.18889 + x1) + 1.8264543,1.6456455591065682,tanh(x1 - 56.18889) + 1.8264543,PySRFunction(X=>tanh(x1 - 56.18889) + 1.8264543)
5,7,3.3186373e-10,(0.082820445 / (x0 + -0.65530574)) + 0.99703366,14.642448187368384,0.99703366 + 0.082820445/(x0 - 0.65530574),PySRFunction(X=>0.99703366 + 0.082820445/(x0 - 0.65530574))
6,8,2.6840752e-11,square(-0.37253168 - (x0 * -1.8879875)) + 0.78282917,2.5148031032561167,(-(-1.8879875)*x0 - 0.37253168)**2 + 0.78282917,PySRFunction(X=>(-(-1.8879875)*x0 - 0.37253168)**2 + 0.78282917)
7,9,0.0,(0.033418003 / x0) + ((x0 * 2.336081) + 0.07502383),inf,x0*2.336081 + 0.07502383 + 0.033418003/x0,PySRFunction(X=>x0*2.336081 + 0.07502383 + 0.033418003/x0)
