,complexity,loss,equation,score,sympy_format,lambda_format
0,1,4.9117007,3.5654044,0.0,3.56540440000000,PySRFunction(X=>3.56540440000000)
1,3,0.35430697,x1 * 0.1570635,1.314605925644165,x1*0.1570635,PySRFunction(X=>x1*0.1570635)
2,5,0.0605102,-0.51491106 / (x0 + -1.0032501),0.8836758692020996,-0.51491106/(x0 - 1.0032501),PySRFunction(X=>-0.51491106/(x0 - 1.0032501))
3,6,0.002635045,cube((x1 * 0.019444125) + 1.055433),3.133911686221208,(x1*0.019444125 + 1.055433)**3,PySRFunction(X=>(x1*0.019444125 + 1.055433)**3)
4,7,5.138355e-05,(-0.2835336 / (x0 + -0.973742)) - -0.7915154,3.937337456301268,-1*(-0.7915154) - 0.2835336/(x0 - 0.973742),PySRFunction(X=>-1*(-0.7915154) - 0.2835336/(x0 - 0.973742))
5,8,6.8998226e-08,square(-5.814525 - (x0 * -9.105719)) + -0.19363424,6.612992567187549,(-(-9.105719)*x0 - 5.814525)**2 - 0.19363424,PySRFunction(X=>(-(-9.105719)*x0 - 5.814525)**2 - 0.19363424)
6,9,0.0,((x1 * 0.17940827) + 3.2412455) - (x0 * 4.537347),inf,-4.537347*x0 + x1*0.17940827 + 3.2412455,PySRFunction(X=>-4.537347*x0 + x1*0.17940827 + 3.2412455)
