,complexity,loss,equation,score,sympy_format,lambda_format
0,1,0.18662184,1.5792103,0.0,1.57921030000000,PySRFunction(X=>1.57921030000000)
1,3,0.122529894,x0 + 1.2458526,0.21036464524915552,x0 + 1.2458526,PySRFunction(X=>x0 + 1.2458526)
2,4,0.10402181,square(x0) + 1.3796127,0.163754444173275,x0**2 + 1.3796127,PySRFunction(X=>x0**2 + 1.3796127)
3,5,0.09881169,(x1 * 0.0067264563) + 1.3255578,0.05138467110080462,x1*0.0067264563 + 1.3255578,PySRFunction(X=>x1*0.0067264563 + 1.3255578)
4,6,0.005476868,square((x0 + -0.4042636) * -4.085489),2.8926825128665845,16.691220369121*(x0 - 0.4042636)**2,PySRFunction(X=>16.691220369121*(x0 - 0.4042636)**2)
5,7,1.1594157e-07,(0.027222313 / (x0 + -0.20308337)) + 1.9565613,10.76295760538345,1.9565613 + 0.027222313/(x0 - 0.20308337),PySRFunction(X=>1.9565613 + 0.027222313/(x0 - 0.20308337))
6,8,1.1118809e-09,square((x0 + -0.3985036) * 3.7205362) + 0.2957341,4.647033271531111,13.8423896155104*(x0 - 0.3985036)**2 + 0.2957341,PySRFunction(X=>13.8423896155104*(x0 - 0.3985036)**2 + 0.2957341)
7,9,0.0,(x0 * 2.8099387) + ((0.13626936 / x0) + -0.28321683),inf,x0*2.8099387 - 0.28321683 + 0.13626936/x0,PySRFunction(X=>x0*2.8099387 - 0.28321683 + 0.13626936/x0)
