,complexity,loss,equation,score,sympy_format,lambda_format
0,1,0.46426716,2.1553488,0.0,2.15534880000000,PySRFunction(X=>2.15534880000000)
1,3,0.15593953,x0 * 3.151575,0.5454959292479129,x0*3.151575,PySRFunction(X=>x0*3.151575)
2,4,0.022174196,square(x0 / 0.47853988),1.9505390334050585,4.36680428005462*x0**2,PySRFunction(X=>4.36680428005462*x0**2)
3,5,0.0014722812,(-3.6452217 / x0) + 7.4533978,2.7121162358211426,7.4533978 - 3.6452217/x0,PySRFunction(X=>7.4533978 - 3.6452217/x0)
4,6,7.426336e-05,(-1.2728817 / square(x0)) + 4.8885684,2.9869506194963096,4.8885684 - 1.2728817/x0**2,PySRFunction(X=>4.8885684 - 1.2728817/x0**2)
5,7,4.0308032e-07,(-1.3806999 / tanh(square(x0))) + 5.3451133,5.216237125839983,5.3451133 - 1.3806999/tanh(x0**2),PySRFunction(X=>5.3451133 - 1.3806999/tanh(x0**2))
6,8,1.9173081e-08,4.319046 - square((1.2790337 / x0) + -0.4075431),3.0456285832806542,4.319046 - (-0.4075431 + 1.2790337/x0)**2,PySRFunction(X=>4.319046 - (-0.4075431 + 1.2790337/x0)**2)
7,9,0.0,(x1 * -0.040488668) + ((x0 * 6.817911) + -2.4410715),inf,x0*6.817911 + x1*(-0.040488668) - 2.4410715,PySRFunction(X=>x0*6.817911 + x1*(-0.040488668) - 2.4410715)
