,complexity,loss,equation,score,sympy_format,lambda_format
0,1,81.94033,7.5945044,0.0,7.59450440000000,PySRFunction(X=>7.59450440000000)
1,3,3.206192,26.209444 / x1,1.6204536796714923,26.209444/x1,PySRFunction(X=>26.209444/x1)
2,4,0.23826702,square(6.025384 / x1),2.599447241538491,36.305252347456/x1**2,PySRFunction(X=>36.305252347456/x1**2)
3,5,0.0022199748,-0.556672 / (x0 + -1.0023086),4.6758961330799425,-0.556672/(x0 - 1.0023086),PySRFunction(X=>-0.556672/(x0 - 1.0023086))
4,6,0.0002686842,-0.5222297 / tanh(x0 + -1.0006244),2.111714411195499,-0.5222297/tanh(x0 - 1.0006244),PySRFunction(X=>-0.5222297/tanh(x0 - 1.0006244))
5,7,9.479121e-08,(5.3794622 / (x1 + -1.0631088)) + 0.49096647,7.949615307794102,0.49096647 + 5.3794622/(x1 - 1.0631088),PySRFunction(X=>0.49096647 + 5.3794622/(x1 - 1.0631088))
6,8,4.4346393e-10,0.7014028 + square(0.08887872 - (6.0347805 / x1)),5.364815494310021,(0.08887872 - 6.0347805/x1)**2 + 0.7014028,PySRFunction(X=>(0.08887872 - 6.0347805/x1)**2 + 0.7014028)
7,9,0.0,(0.68868077 / x0) + ((33.262413 / x1) - 5.2650685),inf,-1*5.2650685 + 33.262413/x1 + 0.68868077/x0,PySRFunction(X=>-1*5.2650685 + 33.262413/x1 + 0.68868077/x0)
