,complexity,loss,equation,score,sympy_format,lambda_format
0,1,0.025450377,1.0819684,0.0,1.08196840000000,PySRFunction(X=>1.08196840000000)
1,3,0.021551313,x0 / 0.43989697,0.08314690673919028,x0/0.43989697,PySRFunction(X=>x0/0.43989697)
2,4,0.020775508,tanh(x0) * 2.4479928,0.036661949858500326,tanh(x0)*2.4479928,PySRFunction(X=>tanh(x0)*2.4479928)
3,5,0.0053454773,(1.0039359 / x1) + 0.9648629,1.357523954009591,0.9648629 + 1.0039359/x1,PySRFunction(X=>0.9648629 + 1.0039359/x1)
4,6,0.0001216196,square((-7.0885835 / x1) + 1.1076195),3.783107977128195,(1.1076195 - 7.0885835/x1)**2,PySRFunction(X=>(1.1076195 - 7.0885835/x1)**2)
5,7,7.2238514e-14,(-3.7545478 / (x1 - 24.710644)) + 1.1121956,21.24419063912422,1.1121956 - 3.7545478/(x1 - 1*24.710644),PySRFunction(X=>1.1121956 - 3.7545478/(x1 - 1*24.710644))
6,9,0.0,((1.0244726 / x1) + (x0 * 1.7922997)) + 0.11112499,inf,x0*1.7922997 + 0.11112499 + 1.0244726/x1,PySRFunction(X=>x0*1.7922997 + 0.11112499 + 1.0244726/x1)
