,complexity,loss,equation,score,sympy_format,lambda_format
0,1,0.7053544,2.131698,0.0,2.13169800000000,PySRFunction(X=>2.13169800000000)
1,3,0.12695129,x0 * 3.1523676,0.8574484509794753,x0*3.1523676,PySRFunction(X=>x0*3.1523676)
2,4,0.009892392,square(x0 / 0.4923624),2.552037492723748,4.12505971703849*x0**2,PySRFunction(X=>4.12505971703849*x0**2)
3,5,0.00027310723,-0.4993137 / (x0 - 0.9971101),3.589656753889999,-0.4993137/(x0 - 1*0.9971101),PySRFunction(X=>-0.4993137/(x0 - 1*0.9971101))
4,6,1.6367476e-05,-0.4500889 / tanh(x0 - 0.98077494),2.8145683069367657,-0.4500889/tanh(x0 - 1*0.98077494),PySRFunction(X=>-0.4500889/tanh(x0 - 1*0.98077494))
5,7,5.0885138e-08,0.15632859 - (0.40194106 / (x0 - 0.9706415)),5.77348057735586,0.15632859 - 0.40194106/(x0 - 1*0.9706415),PySRFunction(X=>0.15632859 - 0.40194106/(x0 - 1*0.9706415))
6,9,0.0,((x0 * 4.3832006) + -0.6358946) + (-0.0063867066 * x1),inf,x0*4.3832006 - 0.0063867066*x1 - 0.6358946,PySRFunction(X=>x0*4.3832006 - 0.0063867066*x1 - 0.6358946)
