,complexity,loss,equation,score,sympy_format,lambda_format
0,1,15.599178,4.4882984,0.0,4.48829840000000,PySRFunction(X=>4.48829840000000)
1,3,8.50357,x0 / 0.14612259,0.3033660726192758,x0/0.14612259,PySRFunction(X=>x0/0.14612259)
2,4,2.9218616,cube(x0 * 2.1468704),1.068265127932817,9.89503841520269*x0**3,PySRFunction(X=>9.89503841520269*x0**3)
3,5,0.00015833213,-0.50854176 / (x0 + -1.0008618),9.823036590014764,-0.50854176/(x0 - 1.0008618),PySRFunction(X=>-0.50854176/(x0 - 1.0008618))
4,7,3.466909e-08,(-0.4957039 / (x0 + -0.9997845)) - -0.041728575,4.213300841221765,-1*(-0.041728575) - 0.4957039/(x0 - 0.9997845),PySRFunction(X=>-1*(-0.041728575) - 0.4957039/(x0 - 0.9997845))
5,9,1.1842379e-15,((-4.526473 / x0) + (x1 * 0.20056589)) + -0.2767147,8.596129812254102,x1*0.20056589 - 0.2767147 - 4.526473/x0,PySRFunction(X=>x1*0.20056589 - 0.2767147 - 4.526473/x0)
6,11,0.0,(0.10840489 / x0) + ((x1 * (x0 * 0.19990562)) + -4.3564787),inf,x1*x0*0.19990562 - 4.3564787 + 0.10840489/x0,PySRFunction(X=>x1*x0*0.19990562 - 4.3564787 + 0.10840489/x0)
