,complexity,loss,equation,score,sympy_format,lambda_format
0,1,1.1075441,1.317344,0.0,1.31734400000000,PySRFunction(X=>1.31734400000000)
1,3,0.34074375,x1 / 36.7154,0.5893847960120336,x1/36.7154,PySRFunction(X=>x1/36.7154)
2,5,0.023634927,(-11.147797 / x1) - -2.607193,1.3342025764574217,-1*(-2.607193) - 11.147797/x1,PySRFunction(X=>-1*(-2.607193) - 11.147797/x1)
3,6,0.0010791662,square((6.127611 / x0) + -13.293154),3.08653686967568,(-13.293154 + 6.127611/x0)**2,PySRFunction(X=>(-13.293154 + 6.127611/x0)**2)
4,7,1.197281e-10,(-20.189602 / (x1 - -3.0644858)) + 2.8219402,16.014231204307265,2.8219402 - 20.189602/(x1 - 1*(-3.0644858)),PySRFunction(X=>2.8219402 - 20.189602/(x1 - 1*(-3.0644858)))
5,8,1.7948773e-11,(tanh(x1 - 10.047431) * 1.2884467) + 1.3376145,1.8977015825122556,tanh(x1 - 1*10.047431)*1.2884467 + 1.3376145,PySRFunction(X=>tanh(x1 - 1*10.047431)*1.2884467 + 1.3376145)
6,9,0.0,(x1 * 0.006310747) + ((-8.683794 / x1) + 2.081826),inf,x1*0.006310747 + 2.081826 - 8.683794/x1,PySRFunction(X=>x1*0.006310747 + 2.081826 - 8.683794/x1)
