,complexity,loss,equation,score,sympy_format,lambda_format
0,1,1.0525812,2.2862246,0.0,2.28622460000000,PySRFunction(X=>2.28622460000000)
1,3,0.30171636,x0 / 0.2898749,0.6247566707385777,x0/0.2898749,PySRFunction(X=>x0/0.2898749)
2,4,0.07991818,square(x0 / -0.46571916),1.3284840094389843,4.610539945317*x0**2,PySRFunction(X=>4.610539945317*x0**2)
3,5,0.0020908874,-0.43556944 / (x0 + -0.95130694),3.6434147921442954,-0.43556944/(x0 - 0.95130694),PySRFunction(X=>-0.43556944/(x0 - 0.95130694))
4,6,0.00013592631,-0.6237264 / (square(x0) + -0.8600169),2.7332309474926895,-0.6237264/(x0**2 - 0.8600169),PySRFunction(X=>-0.6237264/(x0**2 - 0.8600169))
5,7,1.4928479e-07,(-0.33859918 / (x0 + -0.9292461)) + 0.22333372,6.814012355698639,0.22333372 - 0.33859918/(x0 - 0.9292461),PySRFunction(X=>0.22333372 - 0.33859918/(x0 - 0.9292461))
6,8,6.4540967e-13,(tanh(2.0792334 / x1) * 2.6845307) + 0.86979365,12.351481119439221,tanh(2.0792334/x1)*2.6845307 + 0.86979365,PySRFunction(X=>tanh(2.0792334/x1)*2.6845307 + 0.86979365)
7,9,0.0,(x0 * 3.5554879) + ((1.2810409 / x1) - 0.7426294),inf,x0*3.5554879 - 1*0.7426294 + 1.2810409/x1,PySRFunction(X=>x0*3.5554879 - 1*0.7426294 + 1.2810409/x1)
