,complexity,loss,equation,score,sympy_format,lambda_format
0,1,0.47867444,1.9660504,0.0,1.96605040000000,PySRFunction(X=>1.96605040000000)
1,3,0.14269592,x0 * 2.760774,0.6051523838695327,x0*2.760774,PySRFunction(X=>x0*2.760774)
2,4,0.016479831,square(x0 * 1.9019874),2.1585786630490764,3.61755606975876*x0**2,PySRFunction(X=>3.61755606975876*x0**2)
3,5,3.5700825e-06,(-2.8484032 / x0) + 5.9594374,8.437303843788282,5.9594374 - 2.8484032/x0,PySRFunction(X=>5.9594374 - 2.8484032/x0)
4,7,1.8947807e-14,(-6.3284664 / (x1 + 2.426875)) + 2.688106,9.5270831712383,2.688106 - 6.3284664/(x1 + 2.426875),PySRFunction(X=>2.688106 - 6.3284664/(x1 + 2.426875))
5,9,0.0,(x1 * 0.0033470877) - ((1.8391562 / x1) + -2.3798897),inf,x1*0.0033470877 - (-2.3798897 + 1.8391562/x1),PySRFunction(X=>x1*0.0033470877 - (-2.3798897 + 1.8391562/x1))
