,complexity,loss,equation,score,sympy_format,lambda_format
0,1,19.07556,7.2137203,0.0,7.21372030000000,PySRFunction(X=>7.21372030000000)
1,3,5.647244,x0 / 0.10230053,0.6086201479985511,x0/0.10230053,PySRFunction(X=>x0/0.10230053)
2,4,0.104364835,cube(x0 / 0.4371172),3.9910301283159644,11.9730918109588*x0**3,PySRFunction(X=>11.9730918109588*x0**3)
3,5,0.034722183,(x0 * 20.57012) + -9.243112,1.1005140269672258,x0*20.57012 - 9.243112,PySRFunction(X=>x0*20.57012 - 9.243112)
4,6,0.0042478316,(cube(x1) * -0.0007056254) + 10.44893,2.1009701212702905,10.44893 + x1**3*(-0.0007056254),PySRFunction(X=>10.44893 + x1**3*(-0.0007056254))
5,7,1.4918027e-05,square(cube(x1 * 0.055048894) + -3.2447512),5.651593572526024,(0.000166819107619721*x1**3 - 3.2447512)**2,PySRFunction(X=>(0.000166819107619721*x1**3 - 3.2447512)**2)
6,8,3.7895612e-13,(cube(x1 + 1.9108082) * -0.00056454085) + 10.540643,17.488415764356354,10.540643 + (x1 + 1.9108082)**3*(-0.00056454085),PySRFunction(X=>10.540643 + (x1 + 1.9108082)**3*(-0.00056454085))
7,9,0.0,(x1 * -0.07023219) + ((-8.327843 / x0) + 19.363102),inf,x1*(-0.07023219) + 19.363102 - 8.327843/x0,PySRFunction(X=>x1*(-0.07023219) + 19.363102 - 8.327843/x0)
