,complexity,loss,equation,score,sympy_format,lambda_format
0,1,78.15234,7.5564017,0.0,7.55640170000000,PySRFunction(X=>7.55640170000000)
1,3,8.023121,x0 / 0.05279367,1.1381662502697851,x0/0.05279367,PySRFunction(X=>x0/0.05279367)
2,4,0.33475077,square(x0 / 0.21776159),3.176696492487529,21.0880995073002*x0**2,PySRFunction(X=>21.0880995073002*x0**2)
3,5,0.23498122,-1.0299402 / (x0 + -1.0263919),0.35388068873550743,-1.0299402/(x0 - 1.0263919),PySRFunction(X=>-1.0299402/(x0 - 1.0263919))
4,6,0.004447963,square(-12.072412 / (10.63837 - x1)),3.9670593574888167,145.743131497744/(10.63837 - x1)**2,PySRFunction(X=>145.743131497744/(10.63837 - x1)**2)
5,8,3.8135204e-06,(square(x0) - -0.007509967) * (34.252068 - x1),3.530824382763051,(34.252068 - x1)*(x0**2 - 1*(-0.007509967)),PySRFunction(X=>(34.252068 - x1)*(x0**2 - 1*(-0.007509967)))
6,9,0.0,((x0 * 25.457466) + -3.6965117) + (x1 * -0.08125337),inf,x0*25.457466 + x1*(-0.08125337) - 3.6965117,PySRFunction(X=>x0*25.457466 + x1*(-0.08125337) - 3.6965117)
