,complexity,loss,equation,score,sympy_format,lambda_format
0,1,0.20114279,1.0933359,0.0,1.09333590000000,PySRFunction(X=>1.09333590000000)
1,3,0.0677485,0.35268208 / x0,0.5441063672812453,0.35268208/x0,PySRFunction(X=>0.35268208/x0)
2,4,0.040113952,square(-0.31682453 / x0),0.52407811531989,0.100377782809721/x0**2,PySRFunction(X=>0.100377782809721/x0**2)
3,5,0.026696028,0.13970332 / (x0 + -0.1661741),0.40720941367862795,0.13970332/(x0 - 0.1661741),PySRFunction(X=>0.13970332/(x0 - 0.1661741))
4,6,0.017801307,square((x0 * 10.758275) + -4.036156),0.4052429087260882,(x0*10.758275 - 4.036156)**2,PySRFunction(X=>(x0*10.758275 - 4.036156)**2)
5,7,6.664038e-06,(0.014850263 / (x0 + -0.23635964)) + 0.62971735,7.8903015534216445,0.62971735 + 0.014850263/(x0 - 0.23635964),PySRFunction(X=>0.62971735 + 0.014850263/(x0 - 0.23635964))
6,8,1.9770614e-10,0.7383869 - cube((-0.7493191 / x0) + 2.0031583),10.425454378241854,0.7383869 - (2.0031583 - 0.7493191/x0)**3,PySRFunction(X=>0.7383869 - (2.0031583 - 0.7493191/x0)**3)
7,9,0.0,((0.5743641 / x0) + -1.2765207) - (x1 * -0.029515892),inf,-(-0.029515892)*x1 - 1.2765207 + 0.5743641/x0,PySRFunction(X=>-(-0.029515892)*x1 - 1.2765207 + 0.5743641/x0)
