,complexity,loss,equation,score,sympy_format,lambda_format
0,1,0.33279106,1.7805686,0.0,1.78056860000000,PySRFunction(X=>1.78056860000000)
1,3,0.20273541,x0 + 1.297185,0.24780655787088493,x0 + 1.297185,PySRFunction(X=>x0 + 1.297185)
2,4,0.16600658,cube(x0) + 1.5768675,0.1998743037385249,x0**3 + 1.5768675,PySRFunction(X=>x0**3 + 1.5768675)
3,5,0.06584097,(x1 * 0.02095162) + 1.3319752,0.9247851371795862,x1*0.02095162 + 1.3319752,PySRFunction(X=>x1*0.02095162 + 1.3319752)
4,6,0.0037633444,square(x1 + -26.30073) * 0.0028270895,2.8619342588010026,(x1 - 26.30073)**2*0.0028270895,PySRFunction(X=>(x1 - 26.30073)**2*0.0028270895)
5,7,3.9718864e-10,(0.116419554 / (x0 + -0.58509684)) + 1.9879903,16.064162535530382,1.9879903 + 0.116419554/(x0 - 0.58509684),PySRFunction(X=>1.9879903 + 0.116419554/(x0 - 0.58509684))
6,8,3.7895612e-13,(square(x1 + -27.19032) * 0.0037088762) + -0.5988897,6.954746190527273,(x1 - 27.19032)**2*0.0037088762 - 0.5988897,PySRFunction(X=>(x1 - 27.19032)**2*0.0037088762 - 0.5988897)
7,9,0.0,(x1 * 0.047478423) + (2.1442215 - (x0 * 2.8555279)),inf,-2.8555279*x0 + x1*0.047478423 + 2.1442215,PySRFunction(X=>-2.8555279*x0 + x1*0.047478423 + 2.1442215)
