,complexity,loss,equation,score,sympy_format,lambda_format
0,1,0.506237,2.5139937,0.0,2.51399370000000,PySRFunction(X=>2.51399370000000)
1,3,0.30322945,x0 * 4.712219,0.2562575797102435,x0*4.712219,PySRFunction(X=>x0*4.712219)
2,4,0.22284842,tanh(x0) * 5.3331747,0.3079979702616064,tanh(x0)*5.3331747,PySRFunction(X=>tanh(x0)*5.3331747)
3,5,0.12602152,(-0.8792015 / x0) + 4.406103,0.5700391233779019,4.406103 - 0.8792015/x0,PySRFunction(X=>4.406103 - 0.8792015/x0)
4,6,0.008325919,x1 * cube(x0 + 0.067416035),2.7170792658543697,x1*(x0 + 0.067416035)**3,PySRFunction(X=>x1*(x0 + 0.067416035)**3)
5,7,3.9979873e-12,(-1.6794223 / (x1 + -22.379786)) + 2.7784688,21.45684819762587,2.7784688 - 1.6794223/(x1 - 22.379786),PySRFunction(X=>2.7784688 - 1.6794223/(x1 - 22.379786))
6,9,0.0,(x1 * ((x0 * 0.4963921) + -0.17474012)) + 1.8375506,inf,x1*(x0*0.4963921 - 0.17474012) + 1.8375506,PySRFunction(X=>x1*(x0*0.4963921 - 0.17474012) + 1.8375506)
