,complexity,loss,equation,score,sympy_format,lambda_format
0,1,1.1288638,x1,0.0,x1,PySRFunction(X=>x1)
1,3,0.11407427,x1 + 1.0073674,1.1460585958227776,x1 + 1.0073674,PySRFunction(X=>x1 + 1.0073674)
2,5,0.05119091,-13.44531 / (x1 + -7.603869),0.4006438751366233,-13.44531/(x1 - 7.603869),PySRFunction(X=>-13.44531/(x1 - 7.603869))
3,6,0.010542403,x1 / tanh(x0 * 1.3134586),1.5801564714784748,x1/tanh(x0*1.3134586),PySRFunction(X=>x1/tanh(x0*1.3134586))
4,7,1.04956634e-10,(5.141173 / (x1 - 3.1349854)) + 4.7249837,18.425124087367184,4.7249837 + 5.141173/(x1 - 1*3.1349854),PySRFunction(X=>4.7249837 + 5.141173/(x1 - 1*3.1349854))
5,9,0.0,((x1 * 1.245624) - (-0.72348654 / x0)) + -0.99579126,inf,x1*1.245624 - 0.99579126 - (-1)*0.72348654/x0,PySRFunction(X=>x1*1.245624 - 0.99579126 - (-1)*0.72348654/x0)
