,complexity,loss,equation,score,sympy_format,lambda_format
0,1,3.9480228,2.5673745,0.0,2.56737450000000,PySRFunction(X=>2.56737450000000)
1,3,0.048639957,7.1007795 / x1,2.198262411000608,7.1007795/x1,PySRFunction(X=>7.1007795/x1)
2,5,0.00062671007,-0.6322633 / (x0 + -1.0181186),2.1758583035989147,-0.6322633/(x0 - 1.0181186),PySRFunction(X=>-0.6322633/(x0 - 1.0181186))
3,6,1.6321233e-06,cube((1.1841024 / x1) - -0.861423),5.9506022202371405,(-1*(-0.861423) + 1.1841024/x1)**3,PySRFunction(X=>(-1*(-0.861423) + 1.1841024/x1)**3)
4,7,6.7564204e-10,(3.0858197 / (x1 - 0.68223107)) + 0.6157296,7.789728953955901,0.6157296 + 3.0858197/(x1 - 1*0.68223107),PySRFunction(X=>0.6157296 + 3.0858197/(x1 - 1*0.68223107))
5,8,4.8340592e-11,cube((1.1896045 / x1) - -0.8555228) + 0.016415881,2.6373917873799826,(-1*(-0.8555228) + 1.1896045/x1)**3 + 0.016415881,PySRFunction(X=>(-1*(-0.8555228) + 1.1896045/x1)**3 + 0.016415881)
6,9,0.0,((7.9442396 / x1) + -0.6999413) + (x1 * 0.072274804),inf,x1*0.072274804 - 0.6999413 + 7.9442396/x1,PySRFunction(X=>x1*0.072274804 - 0.6999413 + 7.9442396/x1)
