,complexity,loss,equation,score,sympy_format,lambda_format
0,1,0.2441883,1.6392393,0.0,1.63923930000000,PySRFunction(X=>1.63923930000000)
1,3,0.1779663,x0 + 1.130923,0.15817272122795456,x0 + 1.130923,PySRFunction(X=>x0 + 1.130923)
2,4,0.14028779,cube(x0) + 1.4320496,0.23789825100128864,x0**3 + 1.4320496,PySRFunction(X=>x0**3 + 1.4320496)
3,5,0.11254468,(x1 * -0.011351228) + 1.9824047,0.22034565716906215,1.9824047 + x1*(-0.011351228),PySRFunction(X=>1.9824047 + x1*(-0.011351228))
4,6,0.0041551287,square((-0.8799712 / x0) + 2.6592696),3.2990068957976915,(2.6592696 - 0.8799712/x0)**2,PySRFunction(X=>(2.6592696 - 0.8799712/x0)**2)
5,7,3.9241193e-09,(-6.8009834 / (x1 + -19.61176)) + 1.1874994,13.872712016629897,1.1874994 - 6.8009834/(x1 - 19.61176),PySRFunction(X=>1.1874994 - 6.8009834/(x1 - 19.61176))
6,8,4.7928477e-11,square((x0 - 0.44738424) * 3.450738) + 0.99301314,4.4051873857127175,11.907592744644*(x0 - 1*0.44738424)**2 + 0.99301314,PySRFunction(X=>11.907592744644*(x0 - 1*0.44738424)**2 + 0.99301314)
7,9,0.0,(x1 * -0.013401894) + ((x0 * 1.5202391) + 1.2716179),inf,x0*1.5202391 + x1*(-0.013401894) + 1.2716179,PySRFunction(X=>x0*1.5202391 + x1*(-0.013401894) + 1.2716179)
