,complexity,loss,equation,score,sympy_format,lambda_format
0,1,0.7021704,2.2578862,0.0,2.25788620000000,PySRFunction(X=>2.25788620000000)
1,3,0.2941171,x0 * 3.209804,0.43509906112743524,x0*3.209804,PySRFunction(X=>x0*3.209804)
2,4,0.009085418,cube(x0 / 0.56319606),3.4773072766621413,5.59784896022186*x0**3,PySRFunction(X=>5.59784896022186*x0**3)
3,5,0.0005510237,(x0 * 8.954561) + -4.2341704,2.8026481687462184,x0*8.954561 - 4.2341704,PySRFunction(X=>x0*8.954561 - 4.2341704)
4,6,1.1651285e-05,-0.5048102 / (x0 - tanh(x1)),3.85636134657382,-0.5048102/(x0 - tanh(x1)),PySRFunction(X=>-0.5048102/(x0 - tanh(x1)))
5,7,1.5200546e-07,(-38.399418 / (x0 - -1.3308977)) + 20.973673,4.339255312086624,20.973673 - 38.399418/(x0 - 1*(-1.3308977)),PySRFunction(X=>20.973673 - 38.399418/(x0 - 1*(-1.3308977)))
6,9,0.0,(-0.17611429 / x1) + ((-4.802019 / x0) + 9.025684),inf,9.025684 - 0.17611429/x1 - 4.802019/x0,PySRFunction(X=>9.025684 - 0.17611429/x1 - 4.802019/x0)
