,complexity,loss,equation,score,sympy_format,lambda_format
0,1,4.7067733,3.4411426,0.0,3.44114260000000,PySRFunction(X=>3.44114260000000)
1,3,0.5272533,0.3387081 / x0,1.0945383998500415,0.3387081/x0,PySRFunction(X=>0.3387081/x0)
2,4,0.4870803,0.33832347 / tanh(x0),0.07925208167589959,0.33832347/tanh(x0),PySRFunction(X=>0.33832347/tanh(x0))
3,5,0.0042023077,(x0 * -16.727896) - -7.344262,4.752795169777281,x0*(-16.727896) - 1*(-7.344262),PySRFunction(X=>x0*(-16.727896) - 1*(-7.344262))
4,7,1.5573718e-08,(1.6553141 / (1.7030307 - x1)) + 2.0280006,6.2527798174257905,2.0280006 + 1.6553141/(1.7030307 - x1),PySRFunction(X=>2.0280006 + 1.6553141/(1.7030307 - x1))
5,9,0.0,((x1 * 0.0049359794) + (0.27904752 / x0)) + 0.9203342,inf,x1*0.0049359794 + 0.9203342 + 0.27904752/x0,PySRFunction(X=>x1*0.0049359794 + 0.9203342 + 0.27904752/x0)
