,complexity,loss,equation,score,sympy_format,lambda_format
0,1,0.15676628,1.4128357,0.0,1.41283570000000,PySRFunction(X=>1.41283570000000)
1,3,0.07022172,1.6295629 - x0,0.40154918444139204,1.6295629 - x0,PySRFunction(X=>1.6295629 - x0)
2,4,0.0044096895,cube(1.3206139 - x0),2.7678533860696106,(1.3206139 - x0)**3,PySRFunction(X=>(1.3206139 - x0)**3)
3,5,0.00046325626,(0.6856649 - x0) * 3.012586,2.2532791795028864,(0.6856649 - x0)*3.012586,PySRFunction(X=>(0.6856649 - x0)*3.012586)
4,6,3.282854e-05,2.3413694 - cube(x0 - -0.74073887),2.646982119291306,2.3413694 - (x0 - 1*(-0.74073887))**3,PySRFunction(X=>2.3413694 - (x0 - 1*(-0.74073887))**3)
5,7,4.3425948e-07,((0.38054305 / x0) / x1) + 0.839035,4.325411302361213,0.839035 + 0.38054305/(x0*x1),PySRFunction(X=>0.839035 + 0.38054305/(x0*x1))
6,8,9.104421e-12,tanh(-1.3100424 - (x0 * -2.2425108)) * -2.18862,10.772637394883452,tanh(-(-2.2425108)*x0 - 1.3100424)*(-2.18862),PySRFunction(X=>tanh(-(-2.2425108)*x0 - 1.3100424)*(-2.18862))
7,9,0.0,(0.03342224 / x0) - ((x1 * 0.012191554) + -1.4578801),inf,-(x1*0.012191554 - 1.4578801) + 0.03342224/x0,PySRFunction(X=>-(x1*0.012191554 - 1.4578801) + 0.03342224/x0)
