,complexity,loss,equation,score,sympy_format,lambda_format
0,1,0.44197586,1.3920388,0.0,1.39203880000000,PySRFunction(X=>1.39203880000000)
1,3,0.059191644,x0 * 2.6669755,1.0052374409613525,x0*2.6669755,PySRFunction(X=>x0*2.6669755)
2,4,0.024679592,cube(x0 - -0.5391842),0.874803715982903,(x0 - 1*(-0.5391842))**3,PySRFunction(X=>(x0 - 1*(-0.5391842))**3)
3,5,0.0006825368,-0.5170682 / (x0 + -0.999501),3.5879155012587027,-0.5170682/(x0 - 0.999501),PySRFunction(X=>-0.5170682/(x0 - 0.999501))
4,6,9.8865285e-06,-0.44803068 / tanh(x0 + -0.9717259),4.2346433721259835,-0.44803068/tanh(x0 - 0.9717259),PySRFunction(X=>-0.44803068/tanh(x0 - 0.9717259))
5,7,5.4707886e-08,cube(cube(x0) - -0.8303905) + 0.13097364,5.19692048464876,(x0**3 - 1*(-0.8303905))**3 + 0.13097364,PySRFunction(X=>(x0**3 - 1*(-0.8303905))**3 + 0.13097364)
6,8,3.0821763e-08,(-0.42577714 / tanh(x0 + -0.9647025)) - -0.03587616,0.5737868358560344,-1*(-0.03587616) - 0.42577714/tanh(x0 - 0.9647025),PySRFunction(X=>-1*(-0.03587616) - 0.42577714/tanh(x0 - 0.9647025))
7,9,0.0,(6.2462463 / x1) + ((x0 * 1.8477651) + 0.042246666),inf,x0*1.8477651 + 0.042246666 + 6.2462463/x1,PySRFunction(X=>x0*1.8477651 + 0.042246666 + 6.2462463/x1)
