,complexity,loss,equation,score,sympy_format,lambda_format
0,1,0.22532488,1.6769731,0.0,1.67697310000000,PySRFunction(X=>1.67697310000000)
1,3,0.12238445,1.960305 - x0,0.3051879761771359,1.960305 - x0,PySRFunction(X=>1.960305 - x0)
2,4,0.048064828,square(x0 - 1.5701339),0.9346166365000741,(x0 - 1*1.5701339)**2,PySRFunction(X=>(x0 - 1*1.5701339)**2)
3,5,0.0043379865,(0.13752107 / x0) - -0.95536155,2.4051403826572666,-1*(-0.95536155) + 0.13752107/x0,PySRFunction(X=>-1*(-0.95536155) + 0.13752107/x0)
4,6,2.32113e-05,(0.001036051 / cube(x0)) + 1.3117955,5.230526350290587,1.3117955 + 0.001036051/(x0**3),PySRFunction(X=>1.3117955 + 0.001036051/(x0**3))
5,7,5.9027155e-10,(0.019758275 / (x0 + -0.0817419)) + 1.2654219,10.57956710176991,1.2654219 + 0.019758275/(x0 - 0.0817419),PySRFunction(X=>1.2654219 + 0.019758275/(x0 - 0.0817419))
6,8,8.7775716e-12,(square(x1 - 2.2885783) * 0.34917504) + 1.0491358,4.208382899005215,(x1 - 1*2.2885783)**2*0.34917504 + 1.0491358,PySRFunction(X=>(x1 - 1*2.2885783)**2*0.34917504 + 1.0491358)
7,9,0.0,(x1 * 0.20843217) + (1.6852134 - (x0 * 2.1655807)),inf,-2.1655807*x0 + x1*0.20843217 + 1.6852134,PySRFunction(X=>-2.1655807*x0 + x1*0.20843217 + 1.6852134)
