,complexity,loss,equation,score,sympy_format,lambda_format
0,1,0.37820455,1.7014127,0.0,1.70141270000000,PySRFunction(X=>1.70141270000000)
1,3,0.047156096,x0 * 3.0314286,1.0409859482998507,x0*3.0314286,PySRFunction(X=>x0*3.0314286)
2,4,0.025657209,cube(x0 + 0.6045111),0.6086387054634246,(x0 + 0.6045111)**3,PySRFunction(X=>(x0 + 0.6045111)**3)
3,5,0.0003418822,55.49022 / (x1 + 24.594986),4.318113630459055,55.49022/(x1 + 24.594986),PySRFunction(X=>55.49022/(x1 + 24.594986))
4,6,9.0754555e-05,square((x1 / -17.17817) + 1.5418036),1.3263075685607404,(x1/(-17.17817) + 1.5418036)**2,PySRFunction(X=>(x1/(-17.17817) + 1.5418036)**2)
5,7,0.0,(20.219522 / (x1 + 10.629555)) - -0.4510265,inf,-1*(-0.4510265) + 20.219522/(x1 + 10.629555),PySRFunction(X=>-1*(-0.4510265) + 20.219522/(x1 + 10.629555))
