,complexity,loss,equation,score,sympy_format,lambda_format
0,1,0.06399118,1.2489074,0.0,1.24890740000000,PySRFunction(X=>1.24890740000000)
1,3,0.002415043,x0 * 2.2165732,1.6385140845168058,x0*2.2165732,PySRFunction(X=>x0*2.2165732)
2,4,0.0017824521,square(x0 + 0.5482528),0.303727091754066,(x0 + 0.5482528)**2,PySRFunction(X=>(x0 + 0.5482528)**2)
3,5,0.0005186932,(x0 * 2.6721992) - 0.26533338,1.2344327079830144,x0*2.6721992 - 1*0.26533338,PySRFunction(X=>x0*2.6721992 - 1*0.26533338)
4,7,1.368979e-11,(1.6012806 / (x1 - 38.651443)) + 1.1500653,8.72508641500983,1.1500653 + 1.6012806/(x1 - 1*38.651443),PySRFunction(X=>1.1500653 + 1.6012806/(x1 - 1*38.651443))
5,9,0.0,((x0 * 2.8681252) - (-0.6118138 / x1)) + -0.4169898,inf,x0*2.8681252 - 0.4169898 - (-1)*0.6118138/x1,PySRFunction(X=>x0*2.8681252 - 0.4169898 - (-1)*0.6118138/x1)
