,complexity,loss,equation,score,sympy_format,lambda_format
0,1,79.77228,7.771755,0.0,7.77175500000000,PySRFunction(X=>7.77175500000000)
1,3,0.8628544,20.42742 / x1,2.263342695804957,20.42742/x1,PySRFunction(X=>20.42742/x1)
2,5,0.019574678,0.4833315 / (0.99871325 - x0),1.893004585435989,0.4833315/(0.99871325 - x0),PySRFunction(X=>0.4833315/(0.99871325 - x0))
3,6,2.5907766e-05,0.80975366 / (0.9903524 - square(x0)),6.627449301850065,0.80975366/(0.9903524 - x0**2),PySRFunction(X=>0.80975366/(0.9903524 - x0**2))
4,7,4.2616907e-06,123.712166 / ((x1 / x0) + 5.043737),1.8048768098403063,123.712166/(5.043737 + x1/x0),PySRFunction(X=>123.712166/(5.043737 + x1/x0))
5,9,0.0,(18.237814 / x1) - (0.28438777 - (x0 * 2.491893)),inf,-(0.28438777 - 2.491893*x0) + 18.237814/x1,PySRFunction(X=>-(0.28438777 - 2.491893*x0) + 18.237814/x1)
