,complexity,loss,equation,score,sympy_format,lambda_format
0,1,0.23584235,1.8045175,0.0,1.80451750000000,PySRFunction(X=>1.80451750000000)
1,3,0.0044050673,x0 * 2.9085414,1.990204017984725,x0*2.9085414,PySRFunction(X=>x0*2.9085414)
2,5,0.0004411694,(1.1756647 / x1) + 1.2834771,1.1505409438367782,1.2834771 + 1.1756647/x1,PySRFunction(X=>1.2834771 + 1.1756647/x1)
3,6,2.1976623e-05,cube(x0 - 1.7023374) + 3.1234682,2.9994496311738286,(x0 - 1*1.7023374)**3 + 3.1234682,PySRFunction(X=>(x0 - 1*1.7023374)**3 + 3.1234682)
4,7,8.7633606e-13,(1.4249226 / (x1 - -0.19728169)) + 1.2601095,17.037495486939523,1.2601095 + 1.4249226/(x1 - 1*(-0.19728169)),PySRFunction(X=>1.2601095 + 1.4249226/(x1 - 1*(-0.19728169)))
5,9,0.0,(((x0 * -0.60206056) + 1.6865559) / x1) + 1.2603854,inf,1.2603854 + (1.6865559 + x0*(-0.60206056))/x1,PySRFunction(X=>1.2603854 + (1.6865559 + x0*(-0.60206056))/x1)
