,complexity,loss,equation,score,sympy_format,lambda_format
0,1,54.720947,5.70141,0.0,5.70141000000000,PySRFunction(X=>5.70141000000000)
1,3,30.12608,x0 * 11.0722,0.2984276688302426,x0*11.0722,PySRFunction(X=>x0*11.0722)
2,4,13.912537,cube(x0 / 0.39674923),0.7726008657135949,16.0122264098143*x0**3,PySRFunction(X=>16.0122264098143*x0**3)
3,5,0.00046400874,0.5566894 / (1.0027084 - x0),10.308397545785533,0.5566894/(1.0027084 - x0),PySRFunction(X=>0.5566894/(1.0027084 - x0))
4,7,0.00042371103,(0.5545634 / (1.0026176 - x0)) + 0.011022389,0.045425849195932906,0.011022389 + 0.5545634/(1.0026176 - x0),PySRFunction(X=>0.011022389 + 0.5545634/(1.0026176 - x0))
5,10,0.0003514091,(0.57973886 / (1.0035377 - x0)) + (tanh(x0) - x0),0.06236687267728458,-x0 + tanh(x0) + 0.57973886/(1.0035377 - x0),PySRFunction(X=>-x0 + tanh(x0) + 0.57973886/(1.0035377 - x0))
6,11,2.1316282e-13,(0.49999952 / (1.0 - x0)) - ((-0.500006 / x1) / x0),21.223160621938405,0.49999952/(1.0 - x0) - (-1)*0.500006/(x0*x1),PySRFunction(X=>0.49999952/(1.0 - x0) - (-1)*0.500006/(x0*x1))
7,13,2.060574e-14,(0.49999952 / (1.0 - x0)) - (((-0.5000014 / x0) - 5.819683e-6) / x1),1.1682433045404685,0.49999952/(1.0 - x0) - (-1*5.819683e-6 - 0.5000014/x0)/x1,PySRFunction(X=>0.49999952/(1.0 - x0) - (-1*5.819683e-6 - 0.5000014/x0)/x1)
