{
    "coef": [
        -0.3375273959429383,
        0.6338244131889181,
        0.8943434536730823
    ],
    "intercept": 2.2969840096180683
}