{
    "coef": [
        -0.3367263542314157,
        0.6407930177405097,
        0.8937068845641462
    ],
    "intercept": 2.239075413232806
}