{
    "coef": [
        -0.33931795788746,
        0.6381890885530141,
        0.8935801251849591
    ],
    "intercept": 2.2928751535948972
}