{
    "coef": [
        -0.34133183404075235,
        0.6324570330982725,
        0.8913218063828899
    ],
    "intercept": 2.3666413275838547
}