{
    "coef": [
        -0.33730934063296864,
        0.6301116171669094,
        0.8897694340065815
    ],
    "intercept": 2.354053943392481
}