fold,mse_train,mse_test
0,0.00021516897008540159,0.019901906109635516
1,0.00033600087921016873,0.004540402713247652
2,0.00026276746243550527,0.013482453415588968
3,0.00040796354994719977,0.004614270883981338
