fold,mse_train,mse_test
0,0.0005460316568359648,0.004105909626984912
1,0.0010904153647915986,0.0024724198675407415
2,0.0010402794787089833,0.004828454620409723
3,0.0012839439017560648,0.000928204157502941
