,complexity,loss,equation,score,sympy_format,lambda_format
0,1,0.2601938,1.5007262,0.0,1.50072620000000,PySRFunction(X=>1.50072620000000)
1,3,0.16754119,x0 + 1.0416982,0.22009875324395167,x0 + 1.0416982,PySRFunction(X=>x0 + 1.0416982)
2,4,0.15863673,square(x0 + 0.7422254),0.054612360190786614,(x0 + 0.7422254)**2,PySRFunction(X=>(x0 + 0.7422254)**2)
3,5,0.031285267,(x1 * -0.034785114) + 1.9246838,1.6234695874357434,1.9246838 + x1*(-0.034785114),PySRFunction(X=>1.9246838 + x1*(-0.034785114))
4,6,0.0004160197,square(-15.787265 / (x1 + -14.169651)),4.3201699479282265,249.237736180225/(x1 - 14.169651)**2,PySRFunction(X=>249.237736180225/(x1 - 14.169651)**2)
5,7,6.456269e-07,(x1 * -0.029759333) + (x0 + 1.4043882),6.468266111137008,x0 + x1*(-0.029759333) + 1.4043882,PySRFunction(X=>x0 + x1*(-0.029759333) + 1.4043882)
6,8,5.022353e-10,square((x0 * 6.8627467) - 3.4544535) + -0.2769169,7.158908326762475,(x0*6.8627467 - 1*3.4544535)**2 - 0.2769169,PySRFunction(X=>(x0*6.8627467 - 1*3.4544535)**2 - 0.2769169)
7,9,0.0,(0.08146053 - (-1.7595017 / x1)) - (x0 * -1.9288831),inf,-(-1.9288831)*x0 + 0.08146053 - (-1)*1.7595017/x1,PySRFunction(X=>-(-1.9288831)*x0 + 0.08146053 - (-1)*1.7595017/x1)
