,complexity,loss,equation,score,sympy_format,lambda_format
0,1,19.313776,x1,0.0,x1,PySRFunction(X=>x1)
1,3,2.2830956,x1 / 0.654149,1.067643191137798,x1/0.654149,PySRFunction(X=>x1/0.654149)
2,5,0.61570674,(7.2353277 / x0) + 16.884184,0.6552583708161721,16.884184 + 7.2353277/x0,PySRFunction(X=>16.884184 + 7.2353277/x0)
3,6,0.0020656018,square((-4.480554 / x1) + 4.813239),5.6973491662196,(4.813239 - 4.480554/x1)**2,PySRFunction(X=>(4.813239 - 4.480554/x1)**2)
4,7,6.22246e-10,(-54.994293 / (x1 - -1.1925408)) + 23.82389,15.01535193653119,23.82389 - 54.994293/(x1 - 1*(-1.1925408)),PySRFunction(X=>23.82389 - 54.994293/(x1 - 1*(-1.1925408)))
5,9,0.0,(x1 * 0.6015429) + ((-15.951619 / x1) - -13.212955),inf,x1*0.6015429 - 1*(-13.212955) - 15.951619/x1,PySRFunction(X=>x1*0.6015429 - 1*(-13.212955) - 15.951619/x1)
