,complexity,loss,equation,score,sympy_format,lambda_format
0,1,0.80505246,1.7512153,0.0,1.75121530000000,PySRFunction(X=>1.75121530000000)
1,3,0.01471566,x0 * 3.1329544,2.000997605062928,x0*3.1329544,PySRFunction(X=>x0*3.1329544)
2,5,0.011074941,cube(tanh(x0) + 0.6933182),0.14211362213400422,(tanh(x0) + 0.6933182)**3,PySRFunction(X=>(tanh(x0) + 0.6933182)**3)
3,6,1.8833825e-05,cube((x0 * 0.76324934) + 0.74024016),6.376785812247161,(x0*0.76324934 + 0.74024016)**3,PySRFunction(X=>(x0*0.76324934 + 0.74024016)**3)
4,7,3.893728e-09,x0 / ((0.72462344 / x1) + 0.25525695),8.484042680862945,x0/(0.25525695 + 0.72462344/x1),PySRFunction(X=>x0/(0.25525695 + 0.72462344/x1))
5,8,4.402724e-10,0.054913655 + cube((x0 * 0.7816927) + 0.7149486),2.179728706175867,(x0*0.7816927 + 0.7149486)**3 + 0.054913655,PySRFunction(X=>(x0*0.7816927 + 0.7149486)**3 + 0.054913655)
6,9,0.0,(((x0 * 2.1101317) + 0.81127816) * x0) + 0.4694936,inf,x0*(x0*2.1101317 + 0.81127816) + 0.4694936,PySRFunction(X=>x0*(x0*2.1101317 + 0.81127816) + 0.4694936)
