,complexity,loss,equation,score,sympy_format,lambda_format
0,1,17.823652,4.4594216,0.0,4.45942160000000,PySRFunction(X=>4.45942160000000)
1,3,0.6020853,x0 * 7.959089,1.693941244338071,x0*7.959089,PySRFunction(X=>x0*7.959089)
2,4,0.014948145,cube(x0 - -0.9135081),3.6958119177527404,(x0 - 1*(-0.9135081))**3,PySRFunction(X=>(x0 - 1*(-0.9135081))**3)
3,6,0.005801199,square(-0.87187415 / (x0 + -0.9954091)),0.47326129577236464,0.760164533438223/(x0 - 0.9954091)**2,PySRFunction(X=>0.760164533438223/(x0 - 0.9954091)**2)
4,7,8.002585e-06,cube(cube((x0 * 0.24530292) - -0.9866094)),6.5860552848217555,(x0*0.24530292 - 1*(-0.9866094))**9,PySRFunction(X=>(x0*0.24530292 - 1*(-0.9866094))**9)
5,8,6.429109e-11,0.8724001 - (square(-0.08119864 - x0) * -5.2479835),11.731854120015338,0.8724001 - (-5.2479835)*(-x0 - 0.08119864)**2,PySRFunction(X=>0.8724001 - (-5.2479835)*(-x0 - 0.08119864)**2)
6,9,0.0,((x0 * 9.558407) - 1.9718217) - (x1 * -0.20042226),inf,x0*9.558407 - (-0.20042226)*x1 - 1*1.9718217,PySRFunction(X=>x0*9.558407 - (-0.20042226)*x1 - 1*1.9718217)
