,complexity,loss,equation,score,sympy_format,lambda_format
0,1,17.407183,4.3828387,0.0,4.38283870000000,PySRFunction(X=>4.38283870000000)
1,3,5.3341484,x0 * 8.342602,0.5913768451160983,x0*8.342602,PySRFunction(X=>x0*8.342602)
2,4,0.5228646,cube(x0 * 2.260787),2.322561986343783,11.5552392434093*x0**3,PySRFunction(X=>11.5552392434093*x0**3)
3,5,0.012618908,0.7948371 / (1.0276525 - x0),3.7241262154828276,0.7948371/(1.0276525 - x0),PySRFunction(X=>0.7948371/(1.0276525 - x0))
4,6,5.2173214e-06,0.4680494 / (0.7855322 - tanh(x0)),7.79096747460298,0.4680494/(0.7855322 - tanh(x0)),PySRFunction(X=>0.4680494/(0.7855322 - tanh(x0)))
5,7,3.915818e-06,(1.0423781 / (1.0478032 - x0)) + -0.42900628,0.28695988083749724,-0.42900628 + 1.0423781/(1.0478032 - x0),PySRFunction(X=>-0.42900628 + 1.0423781/(1.0478032 - x0))
6,8,2.5528866e-09,square((x0 * -5.465004) - -1.9167621) + -0.5005509,7.335554807632995,(x0*(-5.465004) - 1*(-1.9167621))**2 - 0.5005509,PySRFunction(X=>(x0*(-5.465004) - 1*(-1.9167621))**2 - 0.5005509)
7,9,0.0,((-6.239553 / x1) + (x0 * 14.788324)) - 1.1944664,inf,x0*14.788324 - 1*1.1944664 - 6.239553/x1,PySRFunction(X=>x0*14.788324 - 1*1.1944664 - 6.239553/x1)
