,complexity,loss,equation,score,sympy_format,lambda_format
0,1,0.09157461,1.3219254,0.0,1.32192540000000,PySRFunction(X=>1.32192540000000)
1,3,0.008999251,x0 / 0.4332923,1.1600063491003574,x0/0.4332923,PySRFunction(X=>x0/0.4332923)
2,4,0.007920448,square(x0 + 0.5704957),0.1276935817677121,(x0 + 0.5704957)**2,PySRFunction(X=>(x0 + 0.5704957)**2)
3,5,0.0018908192,0.5873835 / (1.0460148 - x0),1.432437595565749,0.5873835/(1.0460148 - x0),PySRFunction(X=>0.5873835/(1.0460148 - x0))
4,6,2.8342512e-05,0.6096998 / (0.69787323 - cube(x0)),4.200402584997553,0.6096998/(0.69787323 - x0**3),PySRFunction(X=>0.6096998/(0.69787323 - x0**3))
5,7,1.6186448e-09,(0.56411946 / (x1 - 12.13045)) + 1.2519778,9.770528891347212,1.2519778 + 0.56411946/(x1 - 1*12.13045),PySRFunction(X=>1.2519778 + 0.56411946/(x1 - 1*12.13045))
6,9,0.0,((x1 * -0.0022238554) + (x0 * 2.6923525)) + -0.13481292,inf,x0*2.6923525 + x1*(-0.0022238554) - 0.13481292,PySRFunction(X=>x0*2.6923525 + x1*(-0.0022238554) - 0.13481292)
