,complexity,loss,equation,score,sympy_format,lambda_format
0,1,0.18755679,1.5005634,0.0,1.50056340000000,PySRFunction(X=>1.50056340000000)
1,3,0.13584462,x0 + 1.0304604,0.16128497348309068,x0 + 1.0304604,PySRFunction(X=>x0 + 1.0304604)
2,4,0.115322866,cube(x0) + 1.3378841,0.16377600753990165,x0**3 + 1.3378841,PySRFunction(X=>x0**3 + 1.3378841)
3,5,1.2465261e-05,x1 / (x1 + -0.9191525),9.132545348643161,x1/(x1 - 0.9191525),PySRFunction(X=>x1/(x1 - 0.9191525))
4,6,5.9438833e-08,square((0.7415201 / x0) + -2.4866905),5.345753167393445,(-2.4866905 + 0.7415201/x0)**2,PySRFunction(X=>(-2.4866905 + 0.7415201/x0)**2)
5,7,2.851645e-12,(-0.9387422 / (0.898914 - x1)) + 1.0008163,9.944807025204083,1.0008163 - 0.9387422/(0.898914 - x1),PySRFunction(X=>1.0008163 - 0.9387422/(0.898914 - x1))
6,9,0.0,(0.77000064 - (x0 * -0.43127635)) + (1.7663931 / x1),inf,-(-0.43127635)*x0 + 0.77000064 + 1.7663931/x1,PySRFunction(X=>-(-0.43127635)*x0 + 0.77000064 + 1.7663931/x1)
