,complexity,loss,equation,score,sympy_format,lambda_format
0,1,64.40131,10.386859,0.0,10.3868590000000,PySRFunction(X=>10.3868590000000)
1,3,21.170622,28.248098 / x1,0.5562597543016805,28.248098/x1,PySRFunction(X=>28.248098/x1)
2,4,13.986313,cube(x0 * 2.5843332),0.41453525736132907,17.260187949859*x0**3,PySRFunction(X=>17.260187949859*x0**3)
3,5,0.00027208545,-0.4951923 / (x0 + -0.999219),10.847473595146313,-0.4951923/(x0 - 0.999219),PySRFunction(X=>-0.4951923/(x0 - 0.999219))
4,7,4.1249646e-06,(-0.49287036 / (x0 + -0.99914205)) - -0.030356303,2.0945293667199794,-1*(-0.030356303) - 0.49287036/(x0 - 0.99914205),PySRFunction(X=>-1*(-0.030356303) - 0.49287036/(x0 - 0.99914205))
5,8,5.696184e-13,(tanh(7.8383794 / x1) + -0.07056688) * 21.932623,15.79535661193124,(tanh(7.8383794/x1) - 0.07056688)*21.932623,PySRFunction(X=>(tanh(7.8383794/x1) - 0.07056688)*21.932623)
6,9,0.0,((x0 * 12.905838) - (-14.849949 / x1)) - 3.3335564,inf,x0*12.905838 - 1*3.3335564 - (-1)*14.849949/x1,PySRFunction(X=>x0*12.905838 - 1*3.3335564 - (-1)*14.849949/x1)
