,complexity,loss,equation,score,sympy_format,lambda_format
0,1,0.016716918,1.0191765,0.0,1.01917650000000,PySRFunction(X=>1.01917650000000)
1,3,0.01019543,x0 + 0.72745997,0.24724083992357299,x0 + 0.72745997,PySRFunction(X=>x0 + 0.72745997)
2,4,0.0077598966,tanh(x0) + 0.74246836,0.27297057131089586,tanh(x0) + 0.74246836,PySRFunction(X=>tanh(x0) + 0.74246836)
3,5,0.0011258541,(-0.036326732 / x0) + 1.2082524,1.93042706175424,1.2082524 - 0.036326732/x0,PySRFunction(X=>1.2082524 - 0.036326732/x0)
4,6,7.2203366e-05,tanh(18.703697 - x1) - -0.11040553,2.746810561281287,tanh(18.703697 - x1) - 1*(-0.11040553),PySRFunction(X=>tanh(18.703697 - x1) - 1*(-0.11040553))
5,7,8.406702e-06,(square(square(x1)) * -2.8798877e-6) + 1.1250796,2.150457420437381,1.1250796 + x1**4*(-2.8798877e-6),PySRFunction(X=>1.1250796 + x1**4*(-2.8798877e-6))
6,8,9.4739034e-15,(cube(x1 + -4.4002857) * -0.00011853286) + 1.1208133,20.603754073696937,1.1208133 + (x1 - 4.4002857)**3*(-0.00011853286),PySRFunction(X=>1.1208133 + (x1 - 4.4002857)**3*(-0.00011853286))
7,9,0.0,(1.0473511 / x1) + ((x0 * 0.5433707) + 0.72334),inf,x0*0.5433707 + 0.72334 + 1.0473511/x1,PySRFunction(X=>x0*0.5433707 + 0.72334 + 1.0473511/x1)
