,complexity,loss,equation,score,sympy_format,lambda_format
0,1,2.1154115,1.9905666,0.0,1.99056660000000,PySRFunction(X=>1.99056660000000)
1,3,0.34418666,67.058174 / x1,0.9079102543568938,67.058174/x1,PySRFunction(X=>67.058174/x1)
2,5,0.03045187,0.23721164 / (0.79638404 - x0),1.2125183610340817,0.23721164/(0.79638404 - x0),PySRFunction(X=>0.23721164/(0.79638404 - x0))
3,6,0.0033996531,-0.29921946 / (cube(x0) + -0.4752336),2.192474007416328,-0.29921946/(x0**3 - 0.4752336),PySRFunction(X=>-0.29921946/(x0**3 - 0.4752336))
4,7,3.824141e-10,(-11.6570635 / (x1 + -22.10449)) + 1.3347965,16.000435181068994,1.3347965 - 11.6570635/(x1 - 22.10449),PySRFunction(X=>1.3347965 - 11.6570635/(x1 - 22.10449))
5,9,0.0,(((x1 * -0.039724085) + 7.591116) * x0) - 1.044669,inf,x0*(7.591116 + x1*(-0.039724085)) - 1*1.044669,PySRFunction(X=>x0*(7.591116 + x1*(-0.039724085)) - 1*1.044669)
