,complexity,loss,equation,score,sympy_format,lambda_format
0,1,0.7241852,1.688225,0.0,1.68822500000000,PySRFunction(X=>1.68822500000000)
1,3,0.070230536,x1 * 0.1641247,1.1666319792856454,x1*0.1641247,PySRFunction(X=>x1*0.1641247)
2,4,0.015120328,cube(x0 - -0.60357565),1.5357431385700857,(x0 - 1*(-0.60357565))**3,PySRFunction(X=>(x0 - 1*(-0.60357565))**3)
3,5,0.0055600903,-0.7126099 / (x0 + -1.0715188),1.0004257144999862,-0.7126099/(x0 - 1.0715188),PySRFunction(X=>-0.7126099/(x0 - 1.0715188))
4,6,0.00057865813,2.0867186 + tanh(-16.671535 + x1),2.2626577739807163,tanh(x1 - 16.671535) + 2.0867186,PySRFunction(X=>tanh(x1 - 16.671535) + 2.0867186)
5,7,9.939232e-08,(0.095972 / (x0 + -0.76198316)) + 1.3644629,8.669392286025303,1.3644629 + 0.095972/(x0 - 0.76198316),PySRFunction(X=>1.3644629 + 0.095972/(x0 - 0.76198316))
6,8,1.1842378e-13,(0.88748 / tanh(x1 + -9.217259)) + 2.0037441,13.640315858182404,2.0037441 + 0.88748/tanh(x1 - 9.217259),PySRFunction(X=>2.0037441 + 0.88748/tanh(x1 - 9.217259))
7,9,0.0,(x0 * 5.8855543) - ((-4.828671 / x1) + 2.2349706),inf,x0*5.8855543 - (2.2349706 - 4.828671/x1),PySRFunction(X=>x0*5.8855543 - (2.2349706 - 4.828671/x1))
