,complexity,loss,equation,score,sympy_format,lambda_format
0,1,0.34944108,1.7259284,0.0,1.72592840000000,PySRFunction(X=>1.72592840000000)
1,4,0.06273404,square(x0 + -1.8567555),0.5724769202464036,(x0 - 1.8567555)**2,PySRFunction(X=>(x0 - 1.8567555)**2)
2,5,0.026629878,(1.7285002 / x1) + 1.2285684,0.856870384515779,1.2285684 + 1.7285002/x1,PySRFunction(X=>1.2285684 + 1.7285002/x1)
3,6,2.0173791e-05,square((x1 + -45.874496) * 0.03546617),7.185404810788356,0.0012578492144689*(x1 - 45.874496)**2,PySRFunction(X=>0.0012578492144689*(x1 - 45.874496)**2)
4,7,1.373716e-13,(10.315835 / (x1 + 5.265929)) + 0.93679374,18.80496046101127,0.93679374 + 10.315835/(x1 + 5.265929),PySRFunction(X=>0.93679374 + 10.315835/(x1 + 5.265929))
5,9,0.0,((1.9705164 / x1) - (-0.3650875 / x0)) - -0.9132366,inf,-1*(-0.9132366) + 1.9705164/x1 - (-1)*0.3650875/x0,PySRFunction(X=>-1*(-0.9132366) + 1.9705164/x1 - (-1)*0.3650875/x0)
