,complexity,loss,equation,score,sympy_format,lambda_format
0,1,82.09353,7.7064643,0.0,7.70646430000000,PySRFunction(X=>7.70646430000000)
1,3,0.7786854,20.486107 / x1,2.329003686395803,20.486107/x1,PySRFunction(X=>20.486107/x1)
2,5,0.049341958,-0.4933875 / (x0 + -0.9849844),1.3794161595347267,-0.4933875/(x0 - 0.9849844),PySRFunction(X=>-0.4933875/(x0 - 0.9849844))
3,6,0.0009432331,square((5.9140224 / x1) + -1.3849783),3.9572166312156636,(-1.3849783 + 5.9140224/x1)**2,PySRFunction(X=>(-1.3849783 + 5.9140224/x1)**2)
4,7,9.940485e-09,(-10.4614725 / (x1 + -1.5596155)) + 1.8187838,11.460452908654254,1.8187838 - 10.4614725/(x1 - 1.5596155),PySRFunction(X=>1.8187838 - 10.4614725/(x1 - 1.5596155))
5,8,4.7624362e-09,square((5.806139 / x1) + -1.2977226) + 0.18699005,0.7358564681970656,(-1.2977226 + 5.806139/x1)**2 + 0.18699005,PySRFunction(X=>(-1.2977226 + 5.806139/x1)**2 + 0.18699005)
6,9,0.0,((x0 * 3.1341395) - (-18.296156 / x1)) + -0.7950258,inf,x0*3.1341395 - 0.7950258 - (-1)*18.296156/x1,PySRFunction(X=>x0*3.1341395 - 0.7950258 - (-1)*18.296156/x1)
