,complexity,loss,equation,score,sympy_format,lambda_format
0,1,1.8745655,1.9853177,0.0,1.98531770000000,PySRFunction(X=>1.98531770000000)
1,3,0.2418861,0.52983963 / x0,1.0238326120064636,0.52983963/x0,PySRFunction(X=>0.52983963/x0)
2,4,0.14886713,0.08966099 / square(x0),0.48541279106599233,0.08966099/(x0**2),PySRFunction(X=>0.08966099/(x0**2))
3,5,0.0067352257,x1 / (x1 - 0.7448596),3.0957028423300588,x1/(x1 - 1*0.7448596),PySRFunction(X=>x1/(x1 - 1*0.7448596))
4,6,2.8880464e-05,1.0171785 / tanh(x1 - 0.73455435),5.451941219412464,1.0171785/tanh(x1 - 1*0.73455435),PySRFunction(X=>1.0171785/tanh(x1 - 1*0.73455435))
5,7,2.6266725e-05,square((9.54825 / tanh(x1)) + -10.55697),0.09486245137211494,(-10.55697 + 9.54825/tanh(x1))**2,PySRFunction(X=>(-10.55697 + 9.54825/tanh(x1))**2)
6,8,2.8945615e-10,square(0.21607961 - (1.9268972 / x1)) + 0.99467134,11.415809669477467,(0.21607961 - 1.9268972/x1)**2 + 0.99467134,PySRFunction(X=>(0.21607961 - 1.9268972/x1)**2 + 0.99467134)
7,9,0.0,((x1 * 0.015658533) + 0.2773522) + (3.628558 / x1),inf,x1*0.015658533 + 0.2773522 + 3.628558/x1,PySRFunction(X=>x1*0.015658533 + 0.2773522 + 3.628558/x1)
