,complexity,loss,equation,score,sympy_format,lambda_format
0,1,0.14879607,1.3961338,0.0,1.39613380000000,PySRFunction(X=>1.39613380000000)
1,3,0.00492952,14.245324 / x1,1.7036675452642716,14.245324/x1,PySRFunction(X=>14.245324/x1)
2,5,0.0003200257,(12.202402 / x1) + 0.21832275,1.3672977970722913,0.21832275 + 12.202402/x1,PySRFunction(X=>0.21832275 + 12.202402/x1)
3,6,1.4531129e-06,square((5.2751427 / x1) + 0.6606148),5.394693222191701,(0.6606148 + 5.2751427/x1)**2,PySRFunction(X=>(0.6606148 + 5.2751427/x1)**2)
4,7,0.0,(8.453101 / (x1 + -1.7556713)) + 0.3880101,inf,0.3880101 + 8.453101/(x1 - 1.7556713),PySRFunction(X=>0.3880101 + 8.453101/(x1 - 1.7556713))
