,complexity,loss,equation,score,sympy_format,lambda_format
0,1,3.3517303,2.4878333,0.0,2.48783330000000,PySRFunction(X=>2.48783330000000)
1,3,1.0730922,x0 * 4.40526,0.5694661663459784,x0*4.40526,PySRFunction(X=>x0*4.40526)
2,4,0.32468295,cube(x0 * 1.8699794),1.1954504985249137,6.53898689396065*x0**3,PySRFunction(X=>6.53898689396065*x0**3)
3,5,0.012125951,-0.5368479 / (x0 + -1.0063003),3.287501300983331,-0.5368479/(x0 - 1.0063003),PySRFunction(X=>-0.5368479/(x0 - 1.0063003))
4,6,0.0011294049,-0.77768123 / (square(x0) + -0.9634474),2.3736570099034835,-0.77768123/(x0**2 - 0.9634474),PySRFunction(X=>-0.77768123/(x0**2 - 0.9634474))
5,7,4.9937503e-06,(-0.37293088 / (x0 + -0.9788919)) + 0.33898595,5.4212589452086455,0.33898595 - 0.37293088/(x0 - 0.9788919),PySRFunction(X=>0.33898595 - 0.37293088/(x0 - 0.9788919))
6,8,5.32746e-10,square((0.36123785 - x0) * -4.3795795) + -0.52905476,9.145652985833381,19.1807165968203*(0.36123785 - x0)**2 - 0.52905476,PySRFunction(X=>19.1807165968203*(0.36123785 - x0)**2 - 0.52905476)
7,9,0.0,((-0.48626778 / x0) + 6.557585) - (x1 * 0.041892335),inf,-0.041892335*x1 + 6.557585 - 0.48626778/x0,PySRFunction(X=>-0.041892335*x1 + 6.557585 - 0.48626778/x0)
