,complexity,loss,equation,score,sympy_format,lambda_format
0,1,1.9506358,2.132776,0.0,2.13277600000000,PySRFunction(X=>2.13277600000000)
1,3,0.05964002,22.986076 / x1,1.7437919122273944,22.986076/x1,PySRFunction(X=>22.986076/x1)
2,4,0.042040158,cube(x0 * 1.8354232),0.349701520914795,6.1831338898716*x0**3,PySRFunction(X=>6.1831338898716*x0**3)
3,5,0.00020857289,-0.5237046 / (x0 + -1.0026029),5.306092010837394,-0.5237046/(x0 - 1.0026029),PySRFunction(X=>-0.5237046/(x0 - 1.0026029))
4,6,1.9147903e-06,-0.4805875 / tanh(x0 + -0.9926177),4.690680459751667,-0.4805875/tanh(x0 - 0.9926177),PySRFunction(X=>-0.4805875/tanh(x0 - 0.9926177))
5,8,2.9414244e-07,0.417289 - (x0 / (cube(x0) + -0.90717155)),0.9366496259474962,0.417289 - x0/(x0**3 - 0.90717155),PySRFunction(X=>0.417289 - x0/(x0**3 - 0.90717155))
6,9,0.0,(x1 * -0.07125413) + ((x0 * 5.559511) + -0.36173692),inf,x0*5.559511 + x1*(-0.07125413) - 0.36173692,PySRFunction(X=>x0*5.559511 + x1*(-0.07125413) - 0.36173692)
