,complexity,loss,equation,score,sympy_format,lambda_format
0,1,1.5203825,1.9363108,0.0,1.93631080000000,PySRFunction(X=>1.93631080000000)
1,3,0.5683139,6.6643744 / x1,0.4920216600017152,6.6643744/x1,PySRFunction(X=>6.6643744/x1)
2,4,0.25308242,cube(x0 * 1.8136976),0.8089587004897691,5.96615641292897*x0**3,PySRFunction(X=>5.96615641292897*x0**3)
3,5,0.00030493934,59.775204 / (x1 + 14.539789),6.721357613827659,59.775204/(x1 + 14.539789),PySRFunction(X=>59.775204/(x1 + 14.539789))
4,7,9.4739034e-15,(50.164658 / (x1 + 12.448684)) + 0.13809504,12.09741885020242,0.13809504 + 50.164658/(x1 + 12.448684),PySRFunction(X=>0.13809504 + 50.164658/(x1 + 12.448684))
5,9,0.0,((x0 * 0.61653143) + (4.2215295 / x1)) + 0.76737756,inf,x0*0.61653143 + 0.76737756 + 4.2215295/x1,PySRFunction(X=>x0*0.61653143 + 0.76737756 + 4.2215295/x1)
