,complexity,loss,equation,score,sympy_format,lambda_format
0,1,0.014414508,1.0401088,0.0,1.04010880000000,PySRFunction(X=>1.04010880000000)
1,3,0.005371437,x0 + 0.8023806,0.49356986445311085,x0 + 0.8023806,PySRFunction(X=>x0 + 0.8023806)
2,4,0.0052755424,tanh(x0) + 0.8085402,0.01801397176765192,tanh(x0) + 0.8085402,PySRFunction(X=>tanh(x0) + 0.8085402)
3,5,0.00018087235,(1.5608193 / x1) - -0.75434136,3.373045243860478,-1*(-0.75434136) + 1.5608193/x1,PySRFunction(X=>-1*(-0.75434136) + 1.5608193/x1)
4,7,6.0560037e-06,((1.9283816 - x0) / x1) + 0.73644817,1.6983707033714768,0.73644817 + (1.9283816 - x0)/x1,PySRFunction(X=>0.73644817 + (1.9283816 - x0)/x1)
5,8,5.172467e-09,cube((2.9926167 - x0) / x1) + 0.8614935,7.06545565535789,0.8614935 + (2.9926167 - x0)**3/x1**3,PySRFunction(X=>0.8614935 + (2.9926167 - x0)**3/x1**3)
6,9,0.0,((x0 * -0.2902481) - -0.76986945) + (1.8528674 / x1),inf,x0*(-0.2902481) - 1*(-0.76986945) + 1.8528674/x1,PySRFunction(X=>x0*(-0.2902481) - 1*(-0.76986945) + 1.8528674/x1)
