,complexity,loss,equation,score,sympy_format,lambda_format
0,1,0.8062652,1.8616762,0.0,1.86167620000000,PySRFunction(X=>1.86167620000000)
1,3,0.078137845,0.48466274 / x0,1.1669691050518571,0.48466274/x0,PySRFunction(X=>0.48466274/x0)
2,4,0.06124251,cube(1.5798565 - x0),0.2436329543086933,(1.5798565 - x0)**3,PySRFunction(X=>(1.5798565 - x0)**3)
3,5,0.030663595,(x0 * -5.944787) + 3.9980154,0.6917654359122435,3.9980154 + x0*(-5.944787),PySRFunction(X=>3.9980154 + x0*(-5.944787))
4,6,0.00027266468,0.9835704 / tanh(x1 - 1.0038618),4.722588637458412,0.9835704/tanh(x1 - 1*1.0038618),PySRFunction(X=>0.9835704/tanh(x1 - 1*1.0038618))
5,7,3.768623e-07,((x0 * -56.86897) + 29.090483) * x0,6.584118172088795,x0*(29.090483 + x0*(-56.86897)),PySRFunction(X=>x0*(29.090483 + x0*(-56.86897)))
6,8,5.938242e-11,square(-0.7307936 - (-3.1306474 / x1)) + 0.47363412,8.755636924752048,(-0.7307936 - (-1)*3.1306474/x1)**2 + 0.47363412,PySRFunction(X=>(-0.7307936 - (-1)*3.1306474/x1)**2 + 0.47363412)
7,9,0.0,(((x0 * -6.016949) + 3.7500846) / x1) + 0.9540431,inf,0.9540431 + (3.7500846 + x0*(-6.016949))/x1,PySRFunction(X=>0.9540431 + (3.7500846 + x0*(-6.016949))/x1)
