,complexity,loss,equation,score,sympy_format,lambda_format
0,1,0.2790472,1.9633973,0.0,1.96339730000000,PySRFunction(X=>1.96339730000000)
1,3,0.17628972,x0 * 2.7710564,0.2296260825678256,x0*2.7710564,PySRFunction(X=>x0*2.7710564)
2,4,0.062662214,cube(x0 * 1.7484319),1.0343701595584194,5.34498098681659*x0**3,PySRFunction(X=>5.34498098681659*x0**3)
3,5,0.039169703,(-5.5169644 / x0) + 9.691898,0.46985505313037706,9.691898 - 5.5169644/x0,PySRFunction(X=>9.691898 - 5.5169644/x0)
4,6,0.032443997,1.3145939 - tanh(x1 - 74.93591),0.18838813157450154,1.3145939 - tanh(x1 - 1*74.93591),PySRFunction(X=>1.3145939 - tanh(x1 - 1*74.93591))
5,7,9.473903e-14,(-15.203803 / (x1 - 34.74701)) + 1.6389184,26.559410490774034,1.6389184 - 15.203803/(x1 - 1*34.74701),PySRFunction(X=>1.6389184 - 15.203803/(x1 - 1*34.74701))
6,9,0.0,((-1.1852562 / x1) + 3.0136395) + (x1 * -0.023159549),inf,x1*(-0.023159549) + 3.0136395 - 1.1852562/x1,PySRFunction(X=>x1*(-0.023159549) + 3.0136395 - 1.1852562/x1)
