,complexity,loss,equation,score,sympy_format,lambda_format
0,1,6.5336366,3.215342,0.0,3.21534200000000,PySRFunction(X=>3.21534200000000)
1,3,6.25543,x0 + 2.3628702,0.021756904149184048,x0 + 2.3628702,PySRFunction(X=>x0 + 2.3628702)
2,4,6.1669564,tanh(x1) * 3.5281353,0.014244460463791901,tanh(x1)*3.5281353,PySRFunction(X=>tanh(x1)*3.5281353)
3,5,0.54833144,-29.721027 / (x1 + -17.7389),2.4200807834405236,-29.721027/(x1 - 17.7389),PySRFunction(X=>-29.721027/(x1 - 17.7389))
4,6,0.014803319,1676.3185 / square(x1 + -29.10524),3.612028509252825,1676.3185/((x1 - 29.10524)**2),PySRFunction(X=>1676.3185/((x1 - 29.10524)**2))
5,7,8.129793e-12,(-20.197212 / (x1 + -16.878603)) + 1.0072279,21.322581787350487,1.0072279 - 20.197212/(x1 - 16.878603),PySRFunction(X=>1.0072279 - 20.197212/(x1 - 16.878603))
6,9,0.0,((x1 * -0.10333501) + (x0 * 6.705668)) + 0.5753769,inf,x0*6.705668 + x1*(-0.10333501) + 0.5753769,PySRFunction(X=>x0*6.705668 + x1*(-0.10333501) + 0.5753769)
