,complexity,loss,equation,score,sympy_format,lambda_format
0,1,2.1625836,1.9309772,0.0,1.93097720000000,PySRFunction(X=>1.93097720000000)
1,3,0.07200345,x1 * 0.06984692,1.7011724312417893,x1*0.06984692,PySRFunction(X=>x1*0.06984692)
2,4,0.024674544,square(x0 / 0.43268737),1.070941929629133,5.34135647357794*x0**2,PySRFunction(X=>5.34135647357794*x0**2)
3,5,0.00029709932,cube(square(x0) + 0.82685155),4.419460890213469,(x0**2 + 0.82685155)**3,PySRFunction(X=>(x0**2 + 0.82685155)**3)
4,6,7.0170836e-07,cube(0.51660055 - (x0 * -1.2275162)),6.048303896545825,(0.51660055 - (-1.2275162)*x0)**3,PySRFunction(X=>(0.51660055 - (-1.2275162)*x0)**3)
5,8,9.058236e-12,square((x0 * 2.263885) + -0.049783986) + 0.29468903,5.628799377990749,(x0*2.263885 - 0.049783986)**2 + 0.29468903,PySRFunction(X=>(x0*2.263885 - 0.049783986)**2 + 0.29468903)
6,9,0.0,(x1 * 0.0064135627) + (-1.2225305 - (x0 * -5.5780597)),inf,-(-5.5780597)*x0 + x1*0.0064135627 - 1.2225305,PySRFunction(X=>-(-5.5780597)*x0 + x1*0.0064135627 - 1.2225305)
