,complexity,loss,equation,score,sympy_format,lambda_format
0,1,3.571819,2.9030232,0.0,2.90302320000000,PySRFunction(X=>2.90302320000000)
1,3,0.38279775,0.7270986 / x0,1.1166617435007251,0.7270986/x0,PySRFunction(X=>0.7270986/x0)
2,4,0.3265724,0.7177998 / tanh(x0),0.1588551118953886,0.7177998/tanh(x0),PySRFunction(X=>0.7177998/tanh(x0))
3,5,0.009603604,x1 / (x1 - 0.82004094),3.5265132252339377,x1/(x1 - 1*0.82004094),PySRFunction(X=>x1/(x1 - 1*0.82004094))
4,6,0.00467567,1.3805522 / tanh(x1 - 0.746353),0.7197659767092669,1.3805522/tanh(x1 - 1*0.746353),PySRFunction(X=>1.3805522/tanh(x1 - 1*0.746353))
5,7,1.6354959e-07,(0.6065777 / (x1 + -0.8607134)) + 1.2005956,10.260766778841639,1.2005956 + 0.6065777/(x1 - 0.8607134),PySRFunction(X=>1.2005956 + 0.6065777/(x1 - 0.8607134))
6,8,3.7291178e-10,square((-2.8653717 / x1) + 0.7653719) + 1.1455245,6.0835296491602735,(0.7653719 - 2.8653717/x1)**2 + 1.1455245,PySRFunction(X=>(0.7653719 - 2.8653717/x1)**2 + 1.1455245)
7,9,0.0,((x1 * -0.22390245) + 1.5036793) - (-0.5645173 / x0),inf,x1*(-0.22390245) + 1.5036793 - (-1)*0.5645173/x0,PySRFunction(X=>x1*(-0.22390245) + 1.5036793 - (-1)*0.5645173/x0)
