,complexity,loss,equation,score,sympy_format,lambda_format
0,1,0.7838635,2.2889388,0.0,2.28893880000000,PySRFunction(X=>2.28893880000000)
1,3,0.37675142,x0 / 0.3166835,0.36632464573600154,x0/0.3166835,PySRFunction(X=>x0/0.3166835)
2,4,0.010532309,cube(x0 * 1.745977),3.577138026216606,5.32249859116689*x0**3,PySRFunction(X=>5.32249859116689*x0**3)
3,5,0.00040599323,x0 / (1.105811 - x0),3.255866374756813,x0/(1.105811 - x0),PySRFunction(X=>x0/(1.105811 - x0))
4,6,0.00016054469,cube(0.89580667 / (1.4496374 - x0)),0.927764138406068,0.718857611208936/(1.4496374 - x0)**3,PySRFunction(X=>0.718857611208936/(1.4496374 - x0)**3)
5,7,3.7895614e-14,(12.87651 / (x1 + 1.3878154)) + 1.1754104,22.167002803328213,1.1754104 + 12.87651/(x1 + 1.3878154),PySRFunction(X=>1.1754104 + 12.87651/(x1 + 1.3878154))
6,9,0.0,(8.615461 / x1) + ((x1 * -0.002835365) - -1.4417349),inf,x1*(-0.002835365) - 1*(-1.4417349) + 8.615461/x1,PySRFunction(X=>x1*(-0.002835365) - 1*(-1.4417349) + 8.615461/x1)
