,complexity,loss,equation,score,sympy_format,lambda_format
0,1,0.307463,1.3171825,0.0,1.31718250000000,PySRFunction(X=>1.31718250000000)
1,3,0.2519889,x0 * 3.469235,0.09948485794070579,x0*3.469235,PySRFunction(X=>x0*3.469235)
2,4,0.14539246,1.2361828 / tanh(x1),0.5499483321138048,1.2361828/tanh(x1),PySRFunction(X=>1.2361828/tanh(x1))
3,5,0.0016900735,(1.2973305 / x1) + 0.79414755,4.454664687694915,0.79414755 + 1.2973305/x1,PySRFunction(X=>0.79414755 + 1.2973305/x1)
4,7,1.6105635e-13,(2.254941 / (x1 + 0.6534171)) + 0.71952665,11.537019415646665,0.71952665 + 2.254941/(x1 + 0.6534171),PySRFunction(X=>0.71952665 + 2.254941/(x1 + 0.6534171))
5,9,0.0,0.405772 - ((x0 * -1.0582714) + (-1.254413 / x1)),inf,0.405772 - (x0*(-1.0582714) - 1.254413/x1),PySRFunction(X=>0.405772 - (x0*(-1.0582714) - 1.254413/x1))
