,complexity,loss,equation,score,sympy_format,lambda_format
0,1,0.0947561,1.2588221,0.0,1.25882210000000,PySRFunction(X=>1.25882210000000)
1,3,0.003310153,x0 * 2.3115072,1.6771559049759075,x0*2.3115072,PySRFunction(X=>x0*2.3115072)
2,4,0.00270035,square(x0 + 0.5698844),0.20361301764693168,(x0 + 0.5698844)**2,PySRFunction(X=>(x0 + 0.5698844)**2)
3,5,0.0002541251,-0.6549655 / (x0 + -1.0967795),2.36331000776529,-0.6549655/(x0 - 1.0967795),PySRFunction(X=>-0.6549655/(x0 - 1.0967795))
4,6,1.1913154e-05,-0.7644023 / (square(x0) + -0.9544601),3.060183497667417,-0.7644023/(x0**2 - 0.9544601),PySRFunction(X=>-0.7644023/(x0**2 - 0.9544601))
5,7,1.527115e-08,(-0.2405142 / (x0 + -0.90985733)) + 0.4954103,6.659433019308028,0.4954103 - 0.2405142/(x0 - 0.90985733),PySRFunction(X=>0.4954103 - 0.2405142/(x0 - 0.90985733))
6,8,3.0541494e-10,(-0.5730278 / (square(x0) + -0.8793381)) + 0.17136139,3.912049395406478,0.17136139 - 0.5730278/(x0**2 - 0.8793381),PySRFunction(X=>0.17136139 - 0.5730278/(x0**2 - 0.8793381))
7,9,0.0,((x1 * 0.020606723) + (-0.2656184 / x0)) - -1.4125719,inf,x1*0.020606723 - 1*(-1.4125719) - 0.2656184/x0,PySRFunction(X=>x1*0.020606723 - 1*(-1.4125719) - 0.2656184/x0)
