,complexity,loss,equation,score,sympy_format,lambda_format
0,1,4.0509934,2.2277176,0.0,2.22771760000000,PySRFunction(X=>2.22771760000000)
1,3,0.0532269,37.516277 / x1,2.166076753160521,37.516277/x1,PySRFunction(X=>37.516277/x1)
2,5,0.031150764,29.045748 / (x1 - 1.771277),0.2678625681177632,29.045748/(x1 - 1*1.771277),PySRFunction(X=>29.045748/(x1 - 1*1.771277))
3,6,0.00012520558,0.77080065 - (-1814.6182 / cube(x1)),5.516637024036641,0.77080065 - (-1)*1814.6182/(x1**3),PySRFunction(X=>0.77080065 - (-1)*1814.6182/(x1**3))
4,7,1.3395107e-06,cube(0.9238029 - cube(-6.9456277 / x1)),4.537652628337073,(0.9238029 - (-1)*335.069194443767/x1**3)**3,PySRFunction(X=>(0.9238029 - (-1)*335.069194443767/x1**3)**3)
5,8,1.496995e-11,(-592.4046 / cube(2.3274546 - x1)) + 0.7908483,11.401770097577542,0.7908483 - 592.4046/(2.3274546 - x1)**3,PySRFunction(X=>0.7908483 - 592.4046/(2.3274546 - x1)**3)
6,9,0.0,(38.83938 / x1) + ((x0 * -0.61812615) + 0.3939554),inf,x0*(-0.61812615) + 0.3939554 + 38.83938/x1,PySRFunction(X=>x0*(-0.61812615) + 0.3939554 + 38.83938/x1)
