,complexity,loss,equation,score,sympy_format,lambda_format
0,1,0.20306773,1.014239,0.0,1.01423900000000,PySRFunction(X=>1.01423900000000)
1,4,0.15131615,tanh(49.99841 / x1),0.09805607068129803,tanh(49.99841/x1),PySRFunction(X=>tanh(49.99841/x1))
2,5,3.137307e-05,(1.7574375 / x1) + 0.6631118,8.48117675403734,0.6631118 + 1.7574375/x1,PySRFunction(X=>0.6631118 + 1.7574375/x1)
3,6,1.8790328e-06,(3.0264914 / square(x1)) + 0.6944717,2.8151927052430255,0.6944717 + 3.0264914/(x1**2),PySRFunction(X=>0.6944717 + 3.0264914/(x1**2))
4,7,7.875182e-13,(0.41415328 / (x1 + -1.3485734)) + 0.68771344,14.685136531775209,0.68771344 + 0.41415328/(x1 - 1.3485734),PySRFunction(X=>0.68771344 + 0.41415328/(x1 - 1.3485734))
5,9,0.0,((1.7476199 / x1) + (x0 * 0.0066567687)) + 0.6578854,inf,x0*0.0066567687 + 0.6578854 + 1.7476199/x1,PySRFunction(X=>x0*0.0066567687 + 0.6578854 + 1.7476199/x1)
