,complexity,loss,equation,score,sympy_format,lambda_format
0,1,20.22492,7.1209655,0.0,7.12096550000000,PySRFunction(X=>7.12096550000000)
1,3,0.3841925,x0 * 9.779208,1.9817635286785515,x0*9.779208,PySRFunction(X=>x0*9.779208)
2,5,0.054349456,11.752044 - (1.5209255 / x0),0.977854562371827,11.752044 - 1.5209255/x0,PySRFunction(X=>11.752044 - 1.5209255/x0)
3,6,0.0037760474,(cube(x1) * -0.00072657404) + 10.453016,2.6667568031469258,10.453016 + x1**3*(-0.00072657404),PySRFunction(X=>10.453016 + x1**3*(-0.00072657404))
4,7,6.1458394e-09,(1.9499031 / (x0 + -0.45082557)) + 7.0093865,13.328413026584757,7.0093865 + 1.9499031/(x0 - 0.45082557),PySRFunction(X=>7.0093865 + 1.9499031/(x0 - 0.45082557))
5,8,3.4376058e-11,(1.5278636 / (tanh(x0) + -0.45060334)) + 5.6478853,5.1861702778373076,5.6478853 + 1.5278636/(tanh(x0) - 0.45060334),PySRFunction(X=>5.6478853 + 1.5278636/(tanh(x0) - 0.45060334))
6,9,0.0,(x0 * 9.660996) + ((1.4471735 / x1) - 0.6325768),inf,x0*9.660996 - 1*0.6325768 + 1.4471735/x1,PySRFunction(X=>x0*9.660996 - 1*0.6325768 + 1.4471735/x1)
