,complexity,loss,equation,score,sympy_format,lambda_format
0,1,0.25568217,1.0788713,0.0,1.07887130000000,PySRFunction(X=>1.07887130000000)
1,3,0.057053942,x0 + 0.7733038,0.7499689892546479,x0 + 0.7733038,PySRFunction(X=>x0 + 0.7733038)
2,4,0.0073152496,square(x0 + 0.68737036),2.0540360156463,(x0 + 0.68737036)**2,PySRFunction(X=>(x0 + 0.68737036)**2)
3,5,0.00023249125,cube(cube(x0) + 0.8947941),3.4488638446292827,(x0**3 + 0.8947941)**3,PySRFunction(X=>(x0**3 + 0.8947941)**3)
4,6,1.3420048e-06,0.6909266 / tanh(x1 * 0.07222224),5.154687974616405,0.6909266/tanh(x1*0.07222224),PySRFunction(X=>0.6909266/tanh(x1*0.07222224))
5,7,1.9101758e-12,(2.5024729 / (x1 + -3.5001788)) - -0.6150722,13.462479893550725,-1*(-0.6150722) + 2.5024729/(x1 - 3.5001788),PySRFunction(X=>-1*(-0.6150722) + 2.5024729/(x1 - 3.5001788))
6,8,2.9605946e-14,(49.928112 / square(x1 + 1.0045786)) + 0.6571558,4.166975339154865,0.6571558 + 49.928112/((x1 + 1.0045786)**2),PySRFunction(X=>0.6571558 + 49.928112/((x1 + 1.0045786)**2))
7,9,0.0,((4.886263 / x1) + (x0 * 0.67515135)) + 0.462739,inf,x0*0.67515135 + 0.462739 + 4.886263/x1,PySRFunction(X=>x0*0.67515135 + 0.462739 + 4.886263/x1)
