,complexity,loss,equation,score,sympy_format,lambda_format
0,1,0.20268285,1.5179385,0.0,1.51793850000000,PySRFunction(X=>1.51793850000000)
1,3,0.17858006,x0 - -1.0429305,0.06330271300542784,x0 - 1*(-1.0429305),PySRFunction(X=>x0 - 1*(-1.0429305))
2,4,0.09183025,1.3947926 / tanh(x1),0.6650952520292952,1.3947926/tanh(x1),PySRFunction(X=>1.3947926/tanh(x1))
3,5,0.0650368,1.2137581 / square(tanh(x1)),0.34498850050642516,1.2137581/(tanh(x1)**2),PySRFunction(X=>1.2137581/(tanh(x1)**2))
4,6,1.615135e-05,square((-2.7691665 / x1) + 1.3389127),8.30070490501293,(1.3389127 - 2.7691665/x1)**2,PySRFunction(X=>(1.3389127 - 2.7691665/x1)**2)
5,7,4.5119464e-13,(-1.6885517 / (x1 + -5.0137525)) + 1.6253445,17.39337065377212,1.6253445 - 1.6885517/(x1 - 5.0137525),PySRFunction(X=>1.6253445 - 1.6885517/(x1 - 5.0137525))
6,9,0.0,(x0 * 2.0546446) + (0.14203438 - (-1.0299265 / x1)),inf,x0*2.0546446 + 0.14203438 - (-1)*1.0299265/x1,PySRFunction(X=>x0*2.0546446 + 0.14203438 - (-1)*1.0299265/x1)
