,complexity,loss,equation,score,sympy_format,lambda_format
0,1,2.0267665,3.0582507,0.0,3.05825070000000,PySRFunction(X=>3.05825070000000)
1,3,1.189817,x0 * 4.663262,0.2663210760899579,x0*4.663262,PySRFunction(X=>x0*4.663262)
2,4,1.0339351,cube(x0 + 0.7536923),0.14042750562631812,(x0 + 0.7536923)**3,PySRFunction(X=>(x0 + 0.7536923)**3)
3,5,0.5172344,-1.0235194 / (x0 + -1.1029924),0.6926311304675588,-1.0235194/(x0 - 1.1029924),PySRFunction(X=>-1.0235194/(x0 - 1.1029924))
4,6,0.06987907,0.46474978 / (x0 - square(x0)),2.001729980025114,0.46474978/(-x0**2 + x0),PySRFunction(X=>0.46474978/(-x0**2 + x0))
5,7,3.397013e-05,square(cube(x0 + -2.0726104) + 3.8842943),7.629039846559263,((x0 - 2.0726104)**3 + 3.8842943)**2,PySRFunction(X=>((x0 - 2.0726104)**3 + 3.8842943)**2)
6,8,4.885692e-10,square((x0 + -0.53182685) * 5.674147) + 0.8203367,11.149511047448112,32.195944177609*(x0 - 0.53182685)**2 + 0.8203367,PySRFunction(X=>32.195944177609*(x0 - 0.53182685)**2 + 0.8203367)
7,9,0.0,((x0 * 6.3066187) + 0.3624886) + (x1 * -0.0948321),inf,x0*6.3066187 + x1*(-0.0948321) + 0.3624886,PySRFunction(X=>x0*6.3066187 + x1*(-0.0948321) + 0.3624886)
