,complexity,loss,equation,score,sympy_format,lambda_format
0,1,0.71196204,2.1702302,0.0,2.17023020000000,PySRFunction(X=>2.17023020000000)
1,3,0.046553116,x0 * 3.3273284,1.3637153275628369,x0*3.3273284,PySRFunction(X=>x0*3.3273284)
2,5,0.0005262676,-1.2415254 / (x0 + -1.3176755),2.241269695311277,-1.2415254/(x0 - 1.3176755),PySRFunction(X=>-1.2415254/(x0 - 1.3176755))
3,6,0.00013700852,-0.9609992 / tanh(x0 + -1.2416071),1.345766714942427,-0.9609992/tanh(x0 - 1.2416071),PySRFunction(X=>-0.9609992/tanh(x0 - 1.2416071))
4,7,1.8164684e-08,(-0.8623843 / (x0 + -1.2340438)) + 0.34955114,8.928319123227112,0.34955114 - 0.8623843/(x0 - 1.2340438),PySRFunction(X=>0.34955114 - 0.8623843/(x0 - 1.2340438))
5,8,4.7506887e-11,x0 * (tanh(x1 + -1.0370036) - -2.5345893),5.946359858408282,x0*(tanh(x1 - 1.0370036) - 1*(-2.5345893)),PySRFunction(X=>x0*(tanh(x1 - 1.0370036) - 1*(-2.5345893)))
6,9,0.0,(-0.84353346 / x1) + ((x0 * 2.9980648) + 0.52255976),inf,x0*2.9980648 + 0.52255976 - 0.84353346/x1,PySRFunction(X=>x0*2.9980648 + 0.52255976 - 0.84353346/x1)
