,complexity,loss,equation,score,sympy_format,lambda_format
0,1,0.76272076,1.4132738,0.0,1.41327380000000,PySRFunction(X=>1.41327380000000)
1,3,0.007597511,11.269483 / x1,2.304535647118693,11.269483/x1,PySRFunction(X=>11.269483/x1)
2,5,0.0011136187,-0.6525068 / (x0 + -1.0464286),0.9601029454051818,-0.6525068/(x0 - 1.0464286),PySRFunction(X=>-0.6525068/(x0 - 1.0464286))
3,6,2.8870744e-07,(142.10402 / cube(x1)) + 0.7532125,8.257711503773304,0.7532125 + 142.10402/(x1**3),PySRFunction(X=>0.7532125 + 142.10402/(x1**3))
4,7,3.3222431e-09,(1.0217093 / (x1 + -3.690737)) + 0.7065697,4.464773669711443,0.7065697 + 1.0217093/(x1 - 3.690737),PySRFunction(X=>0.7065697 + 1.0217093/(x1 - 3.690737))
5,8,1.5395093e-14,(136.47014 / (cube(x1) + -2.9110177)) + 0.75485396,12.28210192300529,0.75485396 + 136.47014/(x1**3 - 2.9110177),PySRFunction(X=>0.75485396 + 136.47014/(x1**3 - 2.9110177))
6,9,0.0,((14.288086 / x1) + -0.96250033) - (x1 * -0.052756455),inf,-(-0.052756455)*x1 - 0.96250033 + 14.288086/x1,PySRFunction(X=>-(-0.052756455)*x1 - 0.96250033 + 14.288086/x1)
