,complexity,loss,equation,score,sympy_format,lambda_format
0,1,5.406447,3.7166512,0.0,3.71665120000000,PySRFunction(X=>3.71665120000000)
1,3,3.5080976,x0 * 4.965871,0.21625911704837006,x0*4.965871,PySRFunction(X=>x0*4.965871)
2,4,0.8185668,cube(x0 / 0.505263),1.4552741690386886,7.75260239248377*x0**3,PySRFunction(X=>7.75260239248377*x0**3)
3,5,0.024194665,(x0 * 24.700453) + -15.86278,3.5214228518737127,x0*24.700453 - 15.86278,PySRFunction(X=>x0*24.700453 - 15.86278)
4,6,0.00022306405,square(-6.169012 * (x0 - 0.4946422)),4.686428483344278,38.056709056144*(x0 - 1*0.4946422)**2,PySRFunction(X=>38.056709056144*(x0 - 1*0.4946422)**2)
5,7,1.1381456e-06,(square(square(x0)) - 0.09307768) * 11.041913,5.278058678670352,(x0**4 - 1*0.09307768)*11.041913,PySRFunction(X=>(x0**4 - 1*0.09307768)*11.041913)
6,8,4.9517106e-09,square((0.5259231 - x0) * -6.4868503) + 0.35123438,5.43742245762253,42.0792268146101*(0.5259231 - x0)**2 + 0.35123438,PySRFunction(X=>42.0792268146101*(0.5259231 - x0)**2 + 0.35123438)
7,9,0.0,((x0 * 26.176619) + -17.1928) + (x1 * 0.008084247),inf,x0*26.176619 + x1*0.008084247 - 17.1928,PySRFunction(X=>x0*26.176619 + x1*0.008084247 - 17.1928)
