,complexity,loss,equation,score,sympy_format,lambda_format
0,1,0.38099542,1.375354,0.0,1.37535400000000,PySRFunction(X=>1.37535400000000)
1,3,0.25423357,x0 + 0.9277153,0.20226697132602664,x0 + 0.9277153,PySRFunction(X=>x0 + 0.9277153)
2,4,0.20482661,square(x0 + 0.6954613),0.21608959503942646,(x0 + 0.6954613)**2,PySRFunction(X=>(x0 + 0.6954613)**2)
3,5,0.04186122,-132.53877 / (x1 + -159.8804),1.587803955004165,-132.53877/(x1 - 159.8804),PySRFunction(X=>-132.53877/(x1 - 159.8804))
4,6,0.021539988,(cube(x1) * 1.2917928e-6) + 0.9311018,0.664448746736405,x1**3*1.2917928e-6 + 0.9311018,PySRFunction(X=>x1**3*1.2917928e-6 + 0.9311018)
5,7,3.2586495e-08,(0.06360643 / (x0 + -0.63140506)) + 1.242052,13.40152373385127,1.242052 + 0.06360643/(x0 - 0.63140506),PySRFunction(X=>1.242052 + 0.06360643/(x0 - 0.63140506))
6,8,6.7625666e-10,square((x0 * -3.8438094) + 1.3673738) + 0.5192389,3.8750805391791316,(1.3673738 + x0*(-3.8438094))**2 + 0.5192389,PySRFunction(X=>(1.3673738 + x0*(-3.8438094))**2 + 0.5192389)
7,9,0.0,((x1 * 0.02295183) + -0.37820464) - (-0.21690126 / x0),inf,x1*0.02295183 - 0.37820464 - (-1)*0.21690126/x0,PySRFunction(X=>x1*0.02295183 - 0.37820464 - (-1)*0.21690126/x0)
