,complexity,loss,equation,score,sympy_format,lambda_format
0,1,0.09220493,1.5075316,0.0,1.50753160000000,PySRFunction(X=>1.50753160000000)
1,3,0.057991,x0 * 2.5377755,0.23186288687836695,x0*2.5377755,PySRFunction(X=>x0*2.5377755)
2,4,0.056465138,1.4440786 / tanh(x1),0.02666440492764134,1.4440786/tanh(x1),PySRFunction(X=>1.4440786/tanh(x1))
3,5,0.041107915,square(1.1680756 / tanh(x1)),0.31742273912785546,1.36440060731536/tanh(x1)**2,PySRFunction(X=>1.36440060731536/tanh(x1)**2)
4,6,0.0010412224,0.5154697 / (tanh(x1) - x0),3.675805274491677,0.5154697/(-x0 + tanh(x1)),PySRFunction(X=>0.5154697/(-x0 + tanh(x1)))
5,7,7.7863166e-10,(-0.65038157 / (x1 - 8.989516)) + 1.7436355,14.106123147413756,1.7436355 - 0.65038157/(x1 - 1*8.989516),PySRFunction(X=>1.7436355 - 0.65038157/(x1 - 1*8.989516))
6,9,0.0,(x0 * 2.995733) + (-0.51170903 - (-0.7745938 / x1)),inf,x0*2.995733 - 0.51170903 - (-1)*0.7745938/x1,PySRFunction(X=>x0*2.995733 - 0.51170903 - (-1)*0.7745938/x1)
