,complexity,loss,equation,score,sympy_format,lambda_format
0,1,0.275393,1.9578772,0.0,1.95787720000000,PySRFunction(X=>1.95787720000000)
1,4,0.1704722,tanh(x0) * 2.417186,0.15987564494031956,tanh(x0)*2.417186,PySRFunction(X=>tanh(x0)*2.417186)
2,5,0.10708215,x0 * (2.976653 - x0),0.4649759366795224,x0*(2.976653 - x0),PySRFunction(X=>x0*(2.976653 - x0))
3,6,0.034826197,square((x0 + -2.5516856) * x0),1.123226405962137,x0**2*(x0 - 2.5516856)**2,PySRFunction(X=>x0**2*(x0 - 2.5516856)**2)
4,7,8.320579e-09,(0.13074224 / (-1.1958653 + x0)) + 1.6417414,15.247148605140836,1.6417414 + 0.13074224/(x0 - 1.1958653),PySRFunction(X=>1.6417414 + 0.13074224/(x0 - 1.1958653))
5,8,3.496344e-11,(square(x0 + -1.3311311) * -3.198332) + 2.6488285,5.472184178624154,2.6488285 + (x0 - 1.3311311)**2*(-3.198332),PySRFunction(X=>2.6488285 + (x0 - 1.3311311)**2*(-3.198332))
6,9,0.0,((x0 * 2.150102) + (x1 * -0.09194262)) + 0.0891147,inf,x0*2.150102 + x1*(-0.09194262) + 0.0891147,PySRFunction(X=>x0*2.150102 + x1*(-0.09194262) + 0.0891147)
