,complexity,loss,equation,score,sympy_format,lambda_format
0,1,0.5814852,1.3682569,0.0,1.36825690000000,PySRFunction(X=>1.36825690000000)
1,3,0.12114637,7.969321 / x1,0.7842930181292029,7.969321/x1,PySRFunction(X=>7.969321/x1)
2,5,0.0043415893,0.51425654 - (-5.9644074 / x1),1.6643795023614303,0.51425654 - (-1)*5.9644074/x1,PySRFunction(X=>0.51425654 - (-1)*5.9644074/x1)
3,6,2.273253e-06,cube((1.5618552 / x1) + 0.84988195),7.554783912897468,(0.84988195 + 1.5618552/x1)**3,PySRFunction(X=>(0.84988195 + 1.5618552/x1)**3)
4,7,4.3733905e-12,0.6091309 - (-3.6325831 / (x1 + -1.1631763)),13.161183836875017,0.6091309 - (-1)*3.6325831/(x1 - 1.1631763),PySRFunction(X=>0.6091309 - (-1)*3.6325831/(x1 - 1.1631763))
5,9,0.0,((x1 * 0.0032399101) + 0.32729945) - (-6.605035 / x1),inf,x1*0.0032399101 + 0.32729945 - (-1)*6.605035/x1,PySRFunction(X=>x1*0.0032399101 + 0.32729945 - (-1)*6.605035/x1)
