,complexity,loss,equation,score,sympy_format,lambda_format
0,1,18.070307,4.1138563,0.0,4.11385630000000,PySRFunction(X=>4.11385630000000)
1,3,1.3760735,40.053177 / x1,1.2875179700814467,40.053177/x1,PySRFunction(X=>40.053177/x1)
2,4,0.25294498,cube(x0 / 0.44258356),1.6938174380427136,11.5349088390715*x0**3,PySRFunction(X=>11.5349088390715*x0**3)
3,5,0.00038842426,-0.52873427 / (x0 + -1.003345),6.4788290778572595,-0.52873427/(x0 - 1.003345),PySRFunction(X=>-0.52873427/(x0 - 1.003345))
4,6,1.4037544e-05,-0.88931715 / (cube(x0) + -0.94825554),3.320362741325646,-0.88931715/(x0**3 - 0.94825554),PySRFunction(X=>-0.88931715/(x0**3 - 0.94825554))
5,8,2.1699975e-11,square((-16.698816 / x1) - -0.93493617) + 0.9743152,6.689967452006585,(-1*(-0.93493617) - 16.698816/x1)**2 + 0.9743152,PySRFunction(X=>(-1*(-0.93493617) - 16.698816/x1)**2 + 0.9743152)
6,9,0.0,((-5.7441044 / x0) + 10.907678) + (22.166128 / x1),inf,10.907678 + 22.166128/x1 - 5.7441044/x0,PySRFunction(X=>10.907678 + 22.166128/x1 - 5.7441044/x0)
