,complexity,loss,equation,score,sympy_format,lambda_format
0,1,84.68603,7.371778,0.0,7.37177800000000,PySRFunction(X=>7.37177800000000)
1,3,4.5551133,26.039593 / x1,1.461350124411061,26.039593/x1,PySRFunction(X=>26.039593/x1)
2,4,0.13108431,cube(x0 * 2.7763486),3.548164979176197,21.400404706938*x0**3,PySRFunction(X=>21.400404706938*x0**3)
3,5,0.0011770782,-0.63966304 / (x0 + -1.0152435),4.71280543780056,-0.63966304/(x0 - 1.0152435),PySRFunction(X=>-0.63966304/(x0 - 1.0152435))
4,6,1.8790137e-06,-0.43254343 / (tanh(x0) + -0.7759529),6.440043533638143,-0.43254343/(tanh(x0) - 0.7759529),PySRFunction(X=>-0.43254343/(tanh(x0) - 0.7759529))
5,8,2.4407143e-12,(61.6869 / (cube(x1) + 0.76107424)) + 0.6916921,6.776983413558144,0.6916921 + 61.6869/(x1**3 + 0.76107424),PySRFunction(X=>0.6916921 + 61.6869/(x1**3 + 0.76107424))
6,9,0.0,((35.205864 / x1) + -6.262502) + (x1 * 0.18476681),inf,x1*0.18476681 - 6.262502 + 35.205864/x1,PySRFunction(X=>x1*0.18476681 - 6.262502 + 35.205864/x1)
