,complexity,loss,equation,score,sympy_format,lambda_format
0,1,1.1113545,2.0488214,0.0,2.04882140000000,PySRFunction(X=>2.04882140000000)
1,3,0.24422099,3.1009629 / x1,0.7576306542666509,3.1009629/x1,PySRFunction(X=>3.1009629/x1)
2,5,0.057084043,x1 / (x1 + -0.7018005),0.7267744458024891,x1/(x1 - 0.7018005),PySRFunction(X=>x1/(x1 - 0.7018005))
3,6,0.000167161,0.95004034 / tanh(x1 + -0.7187),5.8333224796416365,0.95004034/tanh(x1 - 0.7187),PySRFunction(X=>0.95004034/tanh(x1 - 0.7187))
4,7,8.040764e-09,(0.4467694 / (x1 + -0.82795763)) + 0.866321,9.942188595284453,0.866321 + 0.4467694/(x1 - 0.82795763),PySRFunction(X=>0.866321 + 0.4467694/(x1 - 0.82795763))
5,8,2.0949287e-10,square((2.525087 / x1) + -0.852887) + 0.6669381,3.6475896771639014,(-0.852887 + 2.525087/x1)**2 + 0.6669381,PySRFunction(X=>(-0.852887 + 2.525087/x1)**2 + 0.6669381)
6,9,0.0,((2.5636134 / x1) + 1.4997971) + (x0 * -3.2734184),inf,x0*(-3.2734184) + 1.4997971 + 2.5636134/x1,PySRFunction(X=>x0*(-3.2734184) + 1.4997971 + 2.5636134/x1)
