,complexity,loss,equation,score,sympy_format,lambda_format
0,1,3.2462928,3.1479564,0.0,3.14795640000000,PySRFunction(X=>3.14795640000000)
1,3,1.392898,4.0993047 / x1,0.42306359974696695,4.0993047/x1,PySRFunction(X=>4.0993047/x1)
2,4,0.80049974,square(x0 * 2.1704998),0.5539055401999844,4.71106938180004*x0**2,PySRFunction(X=>4.71106938180004*x0**2)
3,5,0.16482432,square(tanh(x0) * 2.9797943),1.5803560282366063,8.87917407031249*tanh(x0)**2,PySRFunction(X=>8.87917407031249*tanh(x0)**2)
4,6,0.044502318,square(tanh(tanh(x0)) * -3.5324795),1.3093389016999046,12.4784114179203*tanh(tanh(x0))**2,PySRFunction(X=>12.4784114179203*tanh(tanh(x0))**2)
5,7,5.5320015e-10,3.2897222 - (0.8003316 / (0.76749593 - x0)),18.203087243709373,3.2897222 - 0.8003316/(0.76749593 - x0),PySRFunction(X=>3.2897222 - 0.8003316/(0.76749593 - x0))
6,8,5.163277e-13,(square(0.10831258 - x0) * 4.557819) + 0.8839573,6.976733508497824,(0.10831258 - x0)**2*4.557819 + 0.8839573,PySRFunction(X=>(0.10831258 - x0)**2*4.557819 + 0.8839573)
7,9,0.0,((4.428778 / x1) + -0.85002524) + (x0 * 1.7638723),inf,x0*1.7638723 - 0.85002524 + 4.428778/x1,PySRFunction(X=>x0*1.7638723 - 0.85002524 + 4.428778/x1)
