,complexity,loss,equation,score,sympy_format,lambda_format
0,1,3.3554983,2.4991474,0.0,2.49914740000000,PySRFunction(X=>2.49914740000000)
1,3,0.19441469,x0 * 5.888143,1.4241810539761277,x0*5.888143,PySRFunction(X=>x0*5.888143)
2,4,0.17113052,tanh(x0) * 7.1601777,0.1275669148046555,tanh(x0)*7.1601777,PySRFunction(X=>tanh(x0)*7.1601777)
3,5,0.16966273,cube(cube(x0) + 1.0643405),0.008614014954679656,(x0**3 + 1.0643405)**3,PySRFunction(X=>(x0**3 + 1.0643405)**3)
4,6,0.03698539,square(-16.299917 / (x1 + -16.451597)),1.5232895554559698,265.687294206889/(x1 - 16.451597)**2,PySRFunction(X=>265.687294206889/(x1 - 16.451597)**2)
5,7,2.0858522e-08,(-9.326533 / (x1 + -26.230612)) + 1.3177509,14.388270934009329,1.3177509 - 9.326533/(x1 - 26.230612),PySRFunction(X=>1.3177509 - 9.326533/(x1 - 26.230612))
6,9,0.0,((x0 * 6.120841) + (4.73603 / x1)) + -0.47658587,inf,x0*6.120841 - 0.47658587 + 4.73603/x1,PySRFunction(X=>x0*6.120841 - 0.47658587 + 4.73603/x1)
