,complexity,loss,equation,score,sympy_format,lambda_format
0,1,6.487169,3.1525648,0.0,3.15256480000000,PySRFunction(X=>3.15256480000000)
1,3,4.1943083,x0 * 5.104845,0.21804889322094453,x0*5.104845,PySRFunction(X=>x0*5.104845)
2,4,3.9826806,tanh(x0) * 6.2763753,0.05177332938078166,tanh(x0)*6.2763753,PySRFunction(X=>tanh(x0)*6.2763753)
3,5,0.06576935,(x0 * 0.1460221) * x1,4.103556464816165,x0*0.1460221*x1,PySRFunction(X=>x0*0.1460221*x1)
4,7,0.00024756146,((x0 * 0.15906982) * x1) - 0.4428208,2.7911251644536286,x0*0.15906982*x1 - 1*0.4428208,PySRFunction(X=>x0*0.15906982*x1 - 1*0.4428208)
5,8,9.2326954e-05,(x1 * 0.121909566) - (0.11060255 / square(x0)),0.9863227495342777,x1*0.121909566 - 0.11060255/(x0**2),PySRFunction(X=>x1*0.121909566 - 0.11060255/(x0**2))
6,9,0.0,-0.41048867 - (((x0 * -0.15939653) + 0.0009147471) * x1),inf,-x1*(0.0009147471 + x0*(-0.15939653)) - 0.41048867,PySRFunction(X=>-x1*(0.0009147471 + x0*(-0.15939653)) - 0.41048867)
