,complexity,loss,equation,score,sympy_format,lambda_format
0,1,18.084394,4.061799,0.0,4.06179900000000,PySRFunction(X=>4.06179900000000)
1,3,4.2570558,x0 / 0.12929514,0.72323578091386,x0/0.12929514,PySRFunction(X=>x0/0.12929514)
2,4,0.36676756,cube(x0 * 1.9861505),2.45160477766051,7.8349541954476*x0**3,PySRFunction(X=>7.8349541954476*x0**3)
3,5,0.08016003,-0.7697454 / (x0 + -1.1643022),1.520703284316164,-0.7697454/(x0 - 1.1643022),PySRFunction(X=>-0.7697454/(x0 - 1.1643022))
4,6,0.022201441,square((-1.9027388 / x0) + 4.916283),1.283867814906395,(4.916283 - 1.9027388/x0)**2,PySRFunction(X=>(4.916283 - 1.9027388/x0)**2)
5,7,2.2866307e-06,(0.8241068 / (x0 - 0.9786991)) + 2.5202472,9.180833051580713,2.5202472 + 0.8241068/(x0 - 1*0.9786991),PySRFunction(X=>2.5202472 + 0.8241068/(x0 - 1*0.9786991))
6,8,5.633492e-09,square((-1.9435307 / x0) + 4.9952235) + -0.22532289,6.006105204520401,(4.9952235 - 1.9435307/x0)**2 - 0.22532289,PySRFunction(X=>(4.9952235 - 1.9435307/x0)**2 - 0.22532289)
7,9,0.0,(x1 * -0.066243544) + ((x0 * 11.609512) + -2.0625424),inf,x0*11.609512 + x1*(-0.066243544) - 2.0625424,PySRFunction(X=>x0*11.609512 + x1*(-0.066243544) - 2.0625424)
