,complexity,loss,equation,score,sympy_format,lambda_format
0,1,0.24927115,1.3400503,0.0,1.34005030000000,PySRFunction(X=>1.34005030000000)
1,3,0.13918401,x0 * 2.7040272,0.2913721945965864,x0*2.7040272,PySRFunction(X=>x0*2.7040272)
2,4,0.01111653,cube(x0 * 2.1655657),2.5273636808476416,10.1557988932356*x0**3,PySRFunction(X=>10.1557988932356*x0**3)
3,5,1.021005e-07,(1.0950422 / x1) + 0.9509863,11.597986125410877,0.9509863 + 1.0950422/x1,PySRFunction(X=>0.9509863 + 1.0950422/x1)
4,7,1.7064868e-12,(1.0500157 / (x1 + -0.039868344)) + 0.95241886,5.499638073548044,0.95241886 + 1.0500157/(x1 - 0.039868344),PySRFunction(X=>0.95241886 + 1.0500157/(x1 - 0.039868344))
5,9,0.0,((x1 * 4.3867458e-5) + (1.096501 / x1)) - -0.9494908,inf,x1*4.3867458e-5 - 1*(-0.9494908) + 1.096501/x1,PySRFunction(X=>x1*4.3867458e-5 - 1*(-0.9494908) + 1.096501/x1)
