,complexity,loss,equation,score,sympy_format,lambda_format
0,1,81.386795,7.2735515,0.0,7.27355150000000,PySRFunction(X=>7.27355150000000)
1,3,17.173012,x0 * 17.09869,0.7779369772443969,x0*17.09869,PySRFunction(X=>x0*17.09869)
2,4,0.25392658,cube(x0 / 0.36756536),4.214049190639002,20.1370696441675*x0**3,PySRFunction(X=>20.1370696441675*x0**3)
3,5,0.0010439523,0.6486681 / (1.0297347 - x0),5.494031371354473,0.6486681/(1.0297347 - x0),PySRFunction(X=>0.6486681/(1.0297347 - x0))
4,6,0.0004187428,0.42330092 / (0.78161275 - tanh(x0)),0.9135121887820011,0.42330092/(0.78161275 - tanh(x0)),PySRFunction(X=>0.42330092/(0.78161275 - tanh(x0)))
5,7,7.954461e-05,(0.7884728 / (1.0363766 - x0)) + -0.18561542,1.6609388926015818,-0.18561542 + 0.7884728/(1.0363766 - x0),PySRFunction(X=>-0.18561542 + 0.7884728/(1.0363766 - x0))
6,8,2.2998515e-08,square((x0 * -6.057735) + 1.5521966) - 0.12674372,8.148643626714826,(1.5521966 + x0*(-6.057735))**2 - 1*0.12674372,PySRFunction(X=>(1.5521966 + x0*(-6.057735))**2 - 1*0.12674372)
7,9,4.7369517e-15,((x1 * 1.3872948) * (x0 + -0.07818944)) + -2.6467857,15.395546379028767,x1*1.3872948*(x0 - 0.07818944) - 2.6467857,PySRFunction(X=>x1*1.3872948*(x0 - 0.07818944) - 2.6467857)
8,10,0.0,(cube(x0) * ((x1 * 1.2380271) + -2.368907)) + 0.5380551,inf,x0**3*(x1*1.2380271 - 2.368907) + 0.5380551,PySRFunction(X=>x0**3*(x1*1.2380271 - 2.368907) + 0.5380551)
