,complexity,loss,equation,score,sympy_format,lambda_format
0,1,1.6741129,2.6377437,0.0,2.63774370000000,PySRFunction(X=>2.63774370000000)
1,3,0.19349615,3.5488827 / x1,1.0788905381969296,3.5488827/x1,PySRFunction(X=>3.5488827/x1)
2,5,0.08375225,(4.0220957 - x0) / x1,0.4186972898075635,(4.0220957 - x0)/x1,PySRFunction(X=>(4.0220957 - x0)/x1)
3,7,6.2602626e-06,10.0857115 / (x1 + (x0 + 1.4243702)),4.750698090942056,10.0857115/(x0 + x1 + 1.4243702),PySRFunction(X=>10.0857115/(x0 + x1 + 1.4243702))
4,9,0.0,0.84615105 - ((x0 * 1.2227718) - (3.2571428 / x1)),inf,0.84615105 - (x0*1.2227718 - 3.2571428/x1),PySRFunction(X=>0.84615105 - (x0*1.2227718 - 3.2571428/x1))
