,complexity,loss,equation,score,sympy_format,lambda_format
0,1,42.308598,6.8718657,0.0,6.87186570000000,PySRFunction(X=>6.87186570000000)
1,3,1.1863894,0.40105623 / x0,1.787037875299473,0.40105623/x0,PySRFunction(X=>0.40105623/x0)
2,4,1.1112098,0.40097985 / tanh(x0),0.06546524549606485,0.40097985/tanh(x0),PySRFunction(X=>0.40097985/tanh(x0))
3,5,0.70410395,x0 - (-0.39923453 / x0),0.45627860918776936,x0 - (-1)*0.39923453/x0,PySRFunction(X=>x0 - (-1)*0.39923453/x0)
4,6,7.825255e-05,(33.23359 / cube(x1)) + 2.0525422,9.104739863741354,2.0525422 + 33.23359/(x1**3),PySRFunction(X=>2.0525422 + 33.23359/(x1**3))
5,8,1.5537202e-12,(34.913597 / (cube(x1) + 0.11804586)) - -2.0418754,8.867399895229399,-1*(-2.0418754) + 34.913597/(x1**3 + 0.11804586),PySRFunction(X=>-1*(-2.0418754) + 34.913597/(x1**3 + 0.11804586))
6,9,0.0,((0.35198924 / x0) - (x1 * 0.041741304)) + 2.042763,inf,-0.041741304*x1 + 2.042763 + 0.35198924/x0,PySRFunction(X=>-0.041741304*x1 + 2.042763 + 0.35198924/x0)
