,complexity,loss,equation,score,sympy_format,lambda_format
0,1,7.2322583,2.9660742,0.0,2.96607420000000,PySRFunction(X=>2.96607420000000)
1,3,1.1654708,x0 * 6.3724813,0.9127131065791765,x0*6.3724813,PySRFunction(X=>x0*6.3724813)
2,4,0.14172426,square(x0 * 2.8006718),2.106997065719607,7.84376253131524*x0**2,PySRFunction(X=>7.84376253131524*x0**2)
3,5,1.2134481e-05,-0.7332776 / (x0 + -1.0334276),9.365587548385923,-0.7332776/(x0 - 1.0334276),PySRFunction(X=>-0.7332776/(x0 - 1.0334276))
4,7,1.1536509e-07,(-0.75828356 / (x0 + -1.0366014)) + -0.031795185,2.3278522765431053,-0.031795185 - 0.75828356/(x0 - 1.0366014),PySRFunction(X=>-0.031795185 - 0.75828356/(x0 - 1.0366014))
5,8,2.2230147e-09,square((x0 * 3.721643) + -1.0023775) - -0.80842894,3.949237547663689,(x0*3.721643 - 1.0023775)**2 - 1*(-0.80842894),PySRFunction(X=>(x0*3.721643 - 1.0023775)**2 - 1*(-0.80842894))
6,9,0.0,((x1 * 0.3086798) - (x0 * -9.984488)) + -4.2086954,inf,-(-9.984488)*x0 + x1*0.3086798 - 4.2086954,PySRFunction(X=>-(-9.984488)*x0 + x1*0.3086798 - 4.2086954)
