,complexity,loss,equation,score,sympy_format,lambda_format
0,1,0.14699997,1.278118,0.0,1.27811800000000,PySRFunction(X=>1.27811800000000)
1,3,0.053081393,x0 + 0.9614506,0.5093029650856246,x0 + 0.9614506,PySRFunction(X=>x0 + 0.9614506)
2,5,0.014038477,(-0.10335706 / x0) + 1.901524,0.665012267797784,1.901524 - 0.10335706/x0,PySRFunction(X=>1.901524 - 0.10335706/x0)
3,6,0.00032031222,(-0.0009153966 / cube(x0)) + 1.6745428,3.780260988292299,1.6745428 - 0.0009153966/x0**3,PySRFunction(X=>1.6745428 - 0.0009153966/x0**3)
4,7,5.760077e-07,square(1.3006835 - cube(0.07521204 / x0)),6.320930457940146,(1.3006835 - 0.000425463300749882/x0**3)**2,PySRFunction(X=>(1.3006835 - 0.000425463300749882/x0**3)**2)
5,8,1.26414745e-08,tanh((-0.22070567 / x0) - -2.2427197) + 0.730823,3.8191379932658593,tanh(-1*(-2.2427197) - 0.22070567/x0) + 0.730823,PySRFunction(X=>tanh(-1*(-2.2427197) - 0.22070567/x0) + 0.730823)
6,9,0.0,(2.7336965 / x1) + ((x0 * 1.5861375) + 0.492511),inf,x0*1.5861375 + 0.492511 + 2.7336965/x1,PySRFunction(X=>x0*1.5861375 + 0.492511 + 2.7336965/x1)
