,complexity,loss,equation,score,sympy_format,lambda_format
0,1,0.010481625,1.7083983,0.0,1.70839830000000,PySRFunction(X=>1.70839830000000)
1,3,0.0040785093,x0 * 2.4421694,0.4719460850593406,x0*2.4421694,PySRFunction(X=>x0*2.4421694)
2,4,0.0024295857,cube(x0 + 0.49511516),0.5180108050164184,(x0 + 0.49511516)**3,PySRFunction(X=>(x0 + 0.49511516)**3)
3,5,0.0021996696,-0.6413446 / (x0 + -1.0765328),0.0994135817219021,-0.6413446/(x0 - 1.0765328),PySRFunction(X=>-0.6413446/(x0 - 1.0765328))
4,6,8.874785e-06,1.6336405 / tanh(x1 + -4.240593),5.512848336533878,1.6336405/tanh(x1 - 4.240593),PySRFunction(X=>1.6336405/tanh(x1 - 4.240593))
5,7,1.0068094e-06,1.6360177 / tanh(square(x1 - 4.44508)),2.1764277889687693,1.6360177/tanh((x1 - 1*4.44508)**2),PySRFunction(X=>1.6360177/tanh((x1 - 1*4.44508)**2))
6,8,4.7525694e-07,cube(x0 + ((x1 * -0.00035840555) + 0.50549394)),0.750686015626768,(x0 + x1*(-0.00035840555) + 0.50549394)**3,PySRFunction(X=>(x0 + x1*(-0.00035840555) + 0.50549394)**3)
7,9,0.0,((x0 * 4.30946) + -1.2624084) + (x1 * -0.0015599105),inf,x0*4.30946 + x1*(-0.0015599105) - 1.2624084,PySRFunction(X=>x0*4.30946 + x1*(-0.0015599105) - 1.2624084)
