,complexity,loss,equation,score,sympy_format,lambda_format
0,1,0.36867443,1.5534462,0.0,1.55344620000000,PySRFunction(X=>1.55344620000000)
1,3,0.007860315,x0 * 3.3091187,1.9240436345423415,x0*3.3091187,PySRFunction(X=>x0*3.3091187)
2,4,0.0074347123,tanh(x0) * 3.6764414,0.05566679817030927,tanh(x0)*3.6764414,PySRFunction(X=>tanh(x0)*3.6764414)
3,5,0.0044951607,(1.4702703 / x1) + 0.6803429,0.5031584656848509,0.6803429 + 1.4702703/x1,PySRFunction(X=>0.6803429 + 1.4702703/x1)
4,6,0.0014987349,1.6940943 - tanh(x1 + -1.4723628),1.098380065872517,1.6940943 - tanh(x1 - 1.4723628),PySRFunction(X=>1.6940943 - tanh(x1 - 1.4723628))
5,7,5.2402527e-12,(2.9659917 / (x1 + 1.0170037)) + 0.6123778,19.4715174668317,0.6123778 + 2.9659917/(x1 + 1.0170037),PySRFunction(X=>0.6123778 + 2.9659917/(x1 + 1.0170037))
6,9,0.0,(0.8342766 / x1) + ((x0 * 1.4293271) + 0.3910013),inf,x0*1.4293271 + 0.3910013 + 0.8342766/x1,PySRFunction(X=>x0*1.4293271 + 0.3910013 + 0.8342766/x1)
