,complexity,loss,equation,score,sympy_format,lambda_format
0,1,0.4840572,1.635462,0.0,1.63546200000000,PySRFunction(X=>1.63546200000000)
1,3,0.09634978,x0 * 2.7776995,0.8071089850180533,x0*2.7776995,PySRFunction(X=>x0*2.7776995)
2,4,0.027294895,cube(x0 - -0.5483139),1.2612854231478634,(x0 - 1*(-0.5483139))**3,PySRFunction(X=>(x0 - 1*(-0.5483139))**3)
3,5,0.0011385495,-0.5512667 / (x0 + -1.013699),3.176944604530548,-0.5512667/(x0 - 1.013699),PySRFunction(X=>-0.5512667/(x0 - 1.013699))
4,6,8.614661e-05,-0.7238232 / (square(x0) + -0.91970694),2.5814597505907844,-0.7238232/(x0**2 - 0.91970694),PySRFunction(X=>-0.7238232/(x0**2 - 0.91970694))
5,7,7.1768285e-09,(-0.36065254 / (x0 + -0.9573198)) + 0.29383418,9.392948318826619,0.29383418 - 0.36065254/(x0 - 0.9573198),PySRFunction(X=>0.29383418 - 0.36065254/(x0 - 0.9573198))
6,9,0.0,-0.30117357 - ((x0 * -3.911635) + (x1 * 0.032243792)),inf,-(x0*(-3.911635) + x1*0.032243792) - 0.30117357,PySRFunction(X=>-(x0*(-3.911635) + x1*0.032243792) - 0.30117357)
