,complexity,loss,equation,score,sympy_format,lambda_format
0,1,1.0073212,1.4477174,0.0,1.44771740000000,PySRFunction(X=>1.44771740000000)
1,3,0.13411422,x0 / 0.29186127,1.0081789920772535,x0/0.29186127,PySRFunction(X=>x0/0.29186127)
2,4,0.07765099,cube(x0 + 0.61280906),0.546467525903732,(x0 + 0.61280906)**3,PySRFunction(X=>(x0 + 0.61280906)**3)
3,5,0.0048754415,cube(cube(x0) + 0.86673033),2.7680136345787916,(x0**3 + 0.86673033)**3,PySRFunction(X=>(x0**3 + 0.86673033)**3)
4,6,0.00077267713,-0.5473894 / (cube(x0) - 0.7524592),1.8421046664475142,-0.5473894/(x0**3 - 1*0.7524592),PySRFunction(X=>-0.5473894/(x0**3 - 1*0.7524592))
5,7,1.6739072e-09,(0.07941167 / (x0 + -0.7852315)) + 0.8699877,13.04245602151905,0.8699877 + 0.07941167/(x0 - 0.7852315),PySRFunction(X=>0.8699877 + 0.07941167/(x0 - 0.7852315))
6,8,1.397235e-10,square((x0 * 2.3069673) - 0.4206452) + 0.66871166,2.483250343706459,(x0*2.3069673 - 1*0.4206452)**2 + 0.66871166,PySRFunction(X=>(x0*2.3069673 - 1*0.4206452)**2 + 0.66871166)
7,9,0.0,((-1.9409815 - (x0 * -5.322278)) * x0) + 0.84567094,inf,x0*(-(-5.322278)*x0 - 1.9409815) + 0.84567094,PySRFunction(X=>x0*(-(-5.322278)*x0 - 1.9409815) + 0.84567094)
