,complexity,loss,equation,score,sympy_format,lambda_format
0,1,1.1520847,1.9735441,0.0,1.97354410000000,PySRFunction(X=>1.97354410000000)
1,3,0.06946913,3.5137672 / x1,1.4042229408118168,3.5137672/x1,PySRFunction(X=>3.5137672/x1)
2,5,0.003120359,x1 / (x1 + -0.7122824),1.551467210965195,x1/(x1 - 0.7122824),PySRFunction(X=>x1/(x1 - 0.7122824))
3,6,0.0006630839,square(1.5866556 / x1) + 0.9586195,1.548801810104117,0.9586195 + 2.51747599301136/x1**2,PySRFunction(X=>0.9586195 + 2.51747599301136/x1**2)
4,7,9.302236e-10,(0.7740865 / (x1 + -0.6989778)) + 0.90966266,13.47698709879074,0.90966266 + 0.7740865/(x1 - 0.6989778),PySRFunction(X=>0.90966266 + 0.7740865/(x1 - 0.6989778))
5,8,4.6497917e-11,square((-1.7060671 / x1) + 0.14412867) + 1.041541,2.9960174714651138,(0.14412867 - 1.7060671/x1)**2 + 1.041541,PySRFunction(X=>(0.14412867 - 1.7060671/x1)**2 + 1.041541)
6,9,0.0,(0.5264348 / x0) + ((x1 * -0.44085854) + 0.9138627),inf,x1*(-0.44085854) + 0.9138627 + 0.5264348/x0,PySRFunction(X=>x1*(-0.44085854) + 0.9138627 + 0.5264348/x0)
