,complexity,loss,equation,score,sympy_format,lambda_format
0,1,0.04256634,0.86331505,0.0,0.863315050000000,PySRFunction(X=>0.863315050000000)
1,3,0.0020078963,x0 - -0.53831536,1.5269881215174124,x0 - 1*(-0.53831536),PySRFunction(X=>x0 - 1*(-0.53831536))
2,5,6.060488e-05,-0.6495333 / (x0 + -1.1211537),1.7502337090829465,-0.6495333/(x0 - 1.1211537),PySRFunction(X=>-0.6495333/(x0 - 1.1211537))
3,6,1.3900028e-07,square(x0 * 1.3016279) + 0.6271812,6.07765474935085,1.69423519005841*x0**2 + 0.6271812,PySRFunction(X=>1.69423519005841*x0**2 + 0.6271812)
4,7,3.2808128e-11,(-0.40088934 / (x0 + -0.96903485)) + 0.1831598,8.3515549369297,0.1831598 - 0.40088934/(x0 - 0.96903485),PySRFunction(X=>0.1831598 - 0.40088934/(x0 - 0.96903485))
5,8,6.0917196e-12,square((x0 * 1.3074669) + -0.003935447) + 0.62838674,1.6837458831731258,(x0*1.3074669 - 0.003935447)**2 + 0.62838674,PySRFunction(X=>(x0*1.3074669 - 0.003935447)**2 + 0.62838674)
6,9,0.0,(x0 * 1.3350233) - ((x1 * -0.0042813933) + -0.27020675),inf,x0*1.3350233 - (x1*(-0.0042813933) - 0.27020675),PySRFunction(X=>x0*1.3350233 - (x1*(-0.0042813933) - 0.27020675))
