,complexity,loss,equation,score,sympy_format,lambda_format
0,1,80.27712,7.8293643,0.0,7.82936430000000,PySRFunction(X=>7.82936430000000)
1,3,0.50683385,27.343058 / x1,2.532528344988503,27.343058/x1,PySRFunction(X=>27.343058/x1)
2,5,2.936923e-05,-0.49928182 / (x0 + -0.99936134),4.877995494597027,-0.49928182/(x0 - 0.99936134),PySRFunction(X=>-0.49928182/(x0 - 0.99936134))
3,7,9.511614e-07,(-0.5088816 / (x0 + -0.9997963)) + -0.027918426,1.7150095211934757,-0.027918426 - 0.5088816/(x0 - 0.9997963),PySRFunction(X=>-0.027918426 - 0.5088816/(x0 - 0.9997963))
4,8,2.4338457e-11,square((8.133599 / x1) + -1.565645) + -0.059513018,10.573381351256584,(-1.565645 + 8.133599/x1)**2 - 0.059513018,PySRFunction(X=>(-1.565645 + 8.133599/x1)**2 - 0.059513018)
5,9,0.0,(29.4299 / x1) + (-1.6626736 - (x1 * -0.06615571)),inf,-(-0.06615571)*x1 - 1.6626736 + 29.4299/x1,PySRFunction(X=>-(-0.06615571)*x1 - 1.6626736 + 29.4299/x1)
