,complexity,loss,equation,score,sympy_format,lambda_format
0,1,0.19909449,1.3486458,0.0,1.34864580000000,PySRFunction(X=>1.34864580000000)
1,3,0.1843204,x0 + 1.0319815,0.03855199425386688,x0 + 1.0319815,PySRFunction(X=>x0 + 1.0319815)
2,4,0.14225946,1.3003184 / tanh(x1),0.2590229742126186,1.3003184/tanh(x1),PySRFunction(X=>1.3003184/tanh(x1))
3,5,0.010077591,(1.4383615 / x1) + 0.8310937,2.647338327445663,0.8310937 + 1.4383615/x1,PySRFunction(X=>0.8310937 + 1.4383615/x1)
4,6,0.004966358,0.79970324 - tanh(-2.5028374 / x1),0.7076274712847271,0.79970324 - tanh(-2.5028374/x1),PySRFunction(X=>0.79970324 - tanh(-2.5028374/x1))
5,7,4.7369517e-15,(3.428729 / (x1 - -1.7029742)) + 0.7224403,27.678314063066757,0.7224403 + 3.428729/(x1 - 1*(-1.7029742)),PySRFunction(X=>0.7224403 + 3.428729/(x1 - 1*(-1.7029742)))
6,9,0.0,((1.5768251 / x1) - (-0.13339593 / x0)) + 0.3356715,inf,0.3356715 + 1.5768251/x1 - (-1)*0.13339593/x0,PySRFunction(X=>0.3356715 + 1.5768251/x1 - (-1)*0.13339593/x0)
