,complexity,loss,equation,score,sympy_format,lambda_format
0,1,2.4251359,2.044353,0.0,2.04435300000000,PySRFunction(X=>2.04435300000000)
1,3,0.34285054,10.1825695 / x1,0.9781741171382496,10.1825695/x1,PySRFunction(X=>10.1825695/x1)
2,4,0.18693472,cube(x0) * 6.356302,0.6065351437628661,x0**3*6.356302,PySRFunction(X=>x0**3*6.356302)
3,5,0.007163814,-0.54929024 / (x0 + -1.0047607),3.261716944286742,-0.54929024/(x0 - 1.0047607),PySRFunction(X=>-0.54929024/(x0 - 1.0047607))
4,6,5.4035045e-05,-0.7066775 / (square(x0) + -0.93242246),4.887164982146134,-0.7066775/(x0**2 - 0.93242246),PySRFunction(X=>-0.7066775/(x0**2 - 0.93242246))
5,7,2.3451807e-09,(6.0172515 / (4.3627214 - x1)) + 1.21486,10.045025640031723,1.21486 + 6.0172515/(4.3627214 - x1),PySRFunction(X=>1.21486 + 6.0172515/(4.3627214 - x1))
6,8,7.535542e-11,square((x0 + -0.31197363) * -3.4545977) + 0.45342603,3.43790188200658,11.9342452688453*(x0 - 0.31197363)**2 + 0.45342603,PySRFunction(X=>11.9342452688453*(x0 - 0.31197363)**2 + 0.45342603)
7,9,0.0,(x0 * 4.284361) + ((x1 * -0.023610584) + 0.543739),inf,x0*4.284361 + x1*(-0.023610584) + 0.543739,PySRFunction(X=>x0*4.284361 + x1*(-0.023610584) + 0.543739)
