,complexity,loss,equation,score,sympy_format,lambda_format
0,1,0.07593902,0.90479213,0.0,0.904792130000000,PySRFunction(X=>0.904792130000000)
1,3,0.012850363,x0 + 0.57145625,0.8882792949129882,x0 + 0.57145625,PySRFunction(X=>x0 + 0.57145625)
2,4,0.007997331,square(x0 + 0.5946578),0.4742641989548355,(x0 + 0.5946578)**2,PySRFunction(X=>(x0 + 0.5946578)**2)
3,5,0.001217702,cube(cube(x0) + 0.89079523),1.8821423850444916,(x0**3 + 0.89079523)**3,PySRFunction(X=>(x0**3 + 0.89079523)**3)
4,6,3.1294255e-07,0.6940235 / tanh(x1 / 12.520436),8.26645640656683,0.6940235/tanh(x1/12.520436),PySRFunction(X=>0.6940235/tanh(x1/12.520436))
5,7,2.4337169e-08,0.66631365 - ((x0 / x1) * -8.186527),2.554014857172643,0.66631365 - (-8.186527)*x0/x1,PySRFunction(X=>0.66631365 - (-8.186527)*x0/x1)
6,8,2.1316282e-14,0.6934101 / tanh((x1 / 12.717322) + 0.008659685),13.948044134313223,0.6934101/tanh(x1/12.717322 + 0.008659685),PySRFunction(X=>0.6934101/tanh(x1/12.717322 + 0.008659685))
7,9,0.0,((x0 * 0.7237518) + 0.47188434) - (-3.0444443 / x1),inf,x0*0.7237518 + 0.47188434 - (-1)*3.0444443/x1,PySRFunction(X=>x0*0.7237518 + 0.47188434 - (-1)*3.0444443/x1)
