,complexity,loss,equation,score,sympy_format,lambda_format
0,1,13.837306,4.9270186,0.0,4.92701860000000,PySRFunction(X=>4.92701860000000)
1,3,3.8053782,x1 / 9.860075,0.6454764480782543,x1/9.860075,PySRFunction(X=>x1/9.860075)
2,4,1.9619689,cube(x0 * 2.1718376),0.662466872061168,10.2442942129223*x0**3,PySRFunction(X=>10.2442942129223*x0**3)
3,5,0.007669439,0.69714046 / (1.0191193 - x0),5.544460318235379,0.69714046/(1.0191193 - x0),PySRFunction(X=>0.69714046/(1.0191193 - x0))
4,6,0.000112422975,0.36715767 / (0.7762119 - tanh(x0)),4.222730429087615,0.36715767/(0.7762119 - tanh(x0)),PySRFunction(X=>0.36715767/(0.7762119 - tanh(x0)))
5,7,7.613468e-06,(0.8560015 / (1.0314128 - x0)) - 0.43600485,2.6923495362570837,-1*0.43600485 + 0.8560015/(1.0314128 - x0),PySRFunction(X=>-1*0.43600485 + 0.8560015/(1.0314128 - x0))
6,8,5.982997e-08,-0.4142863 + square((6.7026367 / x0) + -10.295103),4.846167357230478,(-10.295103 + 6.7026367/x0)**2 - 0.4142863,PySRFunction(X=>(-10.295103 + 6.7026367/x0)**2 - 0.4142863)
7,9,0.0,(3.3907733 / x1) + ((x1 * 0.10281738) + -0.2339543),inf,x1*0.10281738 - 0.2339543 + 3.3907733/x1,PySRFunction(X=>x1*0.10281738 - 0.2339543 + 3.3907733/x1)
