,complexity,loss,equation,score,sympy_format,lambda_format
0,1,8.233715,4.115066,0.0,4.11506600000000,PySRFunction(X=>4.11506600000000)
1,3,0.90184814,11.184931 / x1,1.1057732212309976,11.184931/x1,PySRFunction(X=>11.184931/x1)
2,5,0.034091424,(9.109467 / x1) + 1.3051219,1.6377001448144362,1.3051219 + 9.109467/x1,PySRFunction(X=>1.3051219 + 9.109467/x1)
3,6,0.012521087,square(x1 + -16.891861) * 0.03318131,1.001631674068494,(x1 - 16.891861)**2*0.03318131,PySRFunction(X=>(x1 - 16.891861)**2*0.03318131)
4,7,1.4826659e-12,(-0.90831137 / (x0 + -0.31018525)) + 4.614308,22.856838268742187,4.614308 - 0.90831137/(x0 - 0.31018525),PySRFunction(X=>4.614308 - 0.90831137/(x0 - 0.31018525))
5,9,0.0,(0.25696623 / x0) - (-3.0800514 - (x1 * -0.08552549)),inf,-(-(-0.08552549)*x1 - 3.0800514) + 0.25696623/x0,PySRFunction(X=>-(-(-0.08552549)*x1 - 3.0800514) + 0.25696623/x0)
