,complexity,loss,equation,score,sympy_format,lambda_format
0,1,0.20758359,1.3609653,0.0,1.36096530000000,PySRFunction(X=>1.36096530000000)
1,3,0.089939356,x0 + 1.0692971,0.41819924046841117,x0 + 1.0692971,PySRFunction(X=>x0 + 1.0692971)
2,4,0.023140052,square(x0 - -0.8619643),1.357570652033801,(x0 - 1*(-0.8619643))**2,PySRFunction(X=>(x0 - 1*(-0.8619643))**2)
3,5,0.000514321,cube(2.018068 - tanh(x1)),3.806472663789789,(2.018068 - tanh(x1))**3,PySRFunction(X=>(2.018068 - tanh(x1))**3)
4,6,0.00018467923,0.5140397 / (tanh(x1) + -0.5052164),1.0242271558903207,0.5140397/(tanh(x1) - 0.5052164),PySRFunction(X=>0.5140397/(tanh(x1) - 0.5052164))
5,7,1.4500756e-10,(-0.28447846 / (x1 + -1.3103217)) + 1.0882776,14.057345107227844,1.0882776 - 0.28447846/(x1 - 1.3103217),PySRFunction(X=>1.0882776 - 0.28447846/(x1 - 1.3103217))
6,8,2.5413746e-11,square((1.3425984 / x1) - 0.3455569) + 1.0109134,1.7414956702513023,(-1*0.3455569 + 1.3425984/x1)**2 + 1.0109134,PySRFunction(X=>(-1*0.3455569 + 1.3425984/x1)**2 + 1.0109134)
7,9,0.0,((0.021762026 / x0) + (1.2506952 / x1)) - -0.7128658,inf,-1*(-0.7128658) + 1.2506952/x1 + 0.021762026/x0,PySRFunction(X=>-1*(-0.7128658) + 1.2506952/x1 + 0.021762026/x0)
