,complexity,loss,equation,score,sympy_format,lambda_format
0,1,15.43365,4.473226,0.0,4.47322600000000,PySRFunction(X=>4.47322600000000)
1,3,1.0391747,x1 * 0.13336605,1.3490616750723596,x1*0.13336605,PySRFunction(X=>x1*0.13336605)
2,5,0.07896211,-135.45341 / (x1 + -88.505684),1.2886070011251278,-135.45341/(x1 - 88.505684),PySRFunction(X=>-135.45341/(x1 - 88.505684))
3,6,0.039351948,(cube(x1) * 1.9792686e-5) - -1.6754105,0.6964226390738979,x1**3*1.9792686e-5 - 1*(-1.6754105),PySRFunction(X=>x1**3*1.9792686e-5 - 1*(-1.6754105))
4,7,1.8001652e-08,(98.678604 / (x1 + -59.599304)) + 3.6114788,14.59759250458703,3.6114788 + 98.678604/(x1 - 59.599304),PySRFunction(X=>3.6114788 + 98.678604/(x1 - 59.599304))
5,8,1.07983595e-08,square((x0 * 6.4508533) - 3.1072242) - -0.89616793,0.511069307018286,(x0*6.4508533 - 1*3.1072242)**2 - 1*(-0.89616793),PySRFunction(X=>(x0*6.4508533 - 1*3.1072242)**2 - 1*(-0.89616793))
6,9,0.0,(x1 * 0.14176022) + ((3.1713824 / x1) - 0.6495176),inf,x1*0.14176022 - 1*0.6495176 + 3.1713824/x1,PySRFunction(X=>x1*0.14176022 - 1*0.6495176 + 3.1713824/x1)
