,complexity,loss,equation,score,sympy_format,lambda_format
0,1,0.87096834,1.8056976,0.0,1.80569760000000,PySRFunction(X=>1.80569760000000)
1,3,0.0938591,x0 / 0.31218657,1.1139054527983263,x0/0.31218657,PySRFunction(X=>x0/0.31218657)
2,4,0.050982896,cube(x0 - -0.5830418),0.6103045176457422,(x0 - 1*(-0.5830418))**3,PySRFunction(X=>(x0 - 1*(-0.5830418))**3)
3,5,0.0014570422,0.6348538 / (1.0426934 - x0),3.555081713507841,0.6348538/(1.0426934 - x0),PySRFunction(X=>0.6348538/(1.0426934 - x0))
4,6,0.00089202536,-0.4204737 / (tanh(x0) - 0.82318926),0.49066920673050773,-0.4204737/(tanh(x0) - 1*0.82318926),PySRFunction(X=>-0.4204737/(tanh(x0) - 1*0.82318926))
5,7,2.5826346e-09,(0.79398316 / (1.0819793 - x0)) + -0.18657736,12.752439800959104,-0.18657736 + 0.79398316/(1.0819793 - x0),PySRFunction(X=>-0.18657736 + 0.79398316/(1.0819793 - x0))
6,9,0.0,(((x0 * 0.14815073) - 0.028582027) * x1) + 1.6543918,inf,x1*(x0*0.14815073 - 1*0.028582027) + 1.6543918,PySRFunction(X=>x1*(x0*0.14815073 - 1*0.028582027) + 1.6543918)
