,complexity,loss,equation,score,sympy_format,lambda_format
0,1,2.159599,1.990588,0.0,1.99058800000000,PySRFunction(X=>1.99058800000000)
1,3,0.46890986,x0 * 3.912295,0.7636336407415644,x0*3.912295,PySRFunction(X=>x0*3.912295)
2,4,0.14803089,square(19.949335 / x1),1.1529895856100512,397.975966942225/x1**2,PySRFunction(X=>397.975966942225/x1**2)
3,5,0.0031476996,0.5564748 / (1.0122428 - x0),3.850749067867384,0.5564748/(1.0122428 - x0),PySRFunction(X=>0.5564748/(1.0122428 - x0))
4,6,0.0003513687,0.48956087 / tanh(0.9962832 - x0),2.192591079813359,0.48956087/tanh(0.9962832 - x0),PySRFunction(X=>0.48956087/tanh(0.9962832 - x0))
5,7,4.923383e-07,(0.3560349 / (0.96982276 - x0)) + 0.30229032,6.570425296657028,0.30229032 + 0.3560349/(0.96982276 - x0),PySRFunction(X=>0.30229032 + 0.3560349/(0.96982276 - x0))
6,8,1.0012494e-10,square((x0 * -3.410214) + 1.1180264) - -0.5755149,8.500502554673366,(1.1180264 + x0*(-3.410214))**2 - 1*(-0.5755149),PySRFunction(X=>(1.1180264 + x0*(-3.410214))**2 - 1*(-0.5755149))
7,9,0.0,(x0 * 3.3459694) + (2.4567423 - (x1 * 0.13273227)),inf,x0*3.3459694 - 0.13273227*x1 + 2.4567423,PySRFunction(X=>x0*3.3459694 - 0.13273227*x1 + 2.4567423)
