,complexity,loss,equation,score,sympy_format,lambda_format
0,1,17.640116,4.5878863,0.0,4.58788630000000,PySRFunction(X=>4.58788630000000)
1,3,0.77544755,x0 / 0.09237503,1.5622452794791044,x0/0.09237503,PySRFunction(X=>x0/0.09237503)
2,4,0.69159174,square(-3.24146 / x1),0.11444453612669549,10.5070629316/x1**2,PySRFunction(X=>10.5070629316/x1**2)
3,5,0.045068596,-1.469444 / (x0 + -1.0896119),2.7308101257426833,-1.469444/(x0 - 1.0896119),PySRFunction(X=>-1.469444/(x0 - 1.0896119))
4,6,0.00969113,-1.6245632 / (cube(x0) - 1.0117065),1.536974650504546,-1.6245632/(x0**3 - 1*1.0117065),PySRFunction(X=>-1.6245632/(x0**3 - 1*1.0117065))
5,7,2.0095853e-05,square((cube(x0) * -5.3174477) + 1.31455),6.178452837782384,(1.31455 + x0**3*(-5.3174477))**2,PySRFunction(X=>(1.31455 + x0**3*(-5.3174477))**2)
6,8,1.1944934e-09,square(-0.80678153 - (x0 * -4.016739)) + 1.4718946,9.730546591908578,(-(-4.016739)*x0 - 0.80678153)**2 + 1.4718946,PySRFunction(X=>(-(-4.016739)*x0 - 0.80678153)**2 + 1.4718946)
7,9,4.7369517e-15,((x1 * 0.84923565) + -4.1389465) + (x0 * 14.543611),12.437838892845491,x0*14.543611 + x1*0.84923565 - 4.1389465,PySRFunction(X=>x0*14.543611 + x1*0.84923565 - 4.1389465)
8,10,0.0,((x1 * 0.117577784) + 1.0616393) + (cube(x0) * 10.902467),inf,x0**3*10.902467 + x1*0.117577784 + 1.0616393,PySRFunction(X=>x0**3*10.902467 + x1*0.117577784 + 1.0616393)
