,complexity,loss,equation,score,sympy_format,lambda_format
0,1,2.2227724,2.444243,0.0,2.44424300000000,PySRFunction(X=>2.44424300000000)
1,3,0.36208752,8.213335 / x1,0.9073122869983142,8.213335/x1,PySRFunction(X=>8.213335/x1)
2,4,0.24841334,cube(x0 / 0.5507531),0.37679189823937453,5.98589575143512*x0**3,PySRFunction(X=>5.98589575143512*x0**3)
3,5,0.0029240467,-0.529964 / (x0 + -0.9979425),4.442125539288813,-0.529964/(x0 - 0.9979425),PySRFunction(X=>-0.529964/(x0 - 0.9979425))
4,6,0.00011486214,-0.49060833 / tanh(x0 + -0.98896116),3.2369911653744423,-0.49060833/tanh(x0 - 0.98896116),PySRFunction(X=>-0.49060833/tanh(x0 - 0.98896116))
5,7,1.3690975e-11,(15.621027 / (x1 - -2.1271138)) + 0.3214752,15.942506327971332,0.3214752 + 15.621027/(x1 - 1*(-2.1271138)),PySRFunction(X=>0.3214752 + 15.621027/(x1 - 1*(-2.1271138)))
6,9,0.0,(-0.100279644 / x0) + ((5.122319 / x1) - -1.5554513),inf,-1*(-1.5554513) + 5.122319/x1 - 0.100279644/x0,PySRFunction(X=>-1*(-1.5554513) + 5.122319/x1 - 0.100279644/x0)
