,complexity,loss,equation,score,sympy_format,lambda_format
0,1,78.830025,7.8396735,0.0,7.83967350000000,PySRFunction(X=>7.83967350000000)
1,3,8.769433,25.190725 / x1,1.0980109000696774,25.190725/x1,PySRFunction(X=>25.190725/x1)
2,4,1.431406,48.375458 / cube(x1),1.8126149740565494,48.375458/(x1**3),PySRFunction(X=>48.375458/(x1**3))
3,5,0.030133344,-0.5398785 / (x0 + -1.001486),3.860780124283886,-0.5398785/(x0 - 1.001486),PySRFunction(X=>-0.5398785/(x0 - 1.001486))
4,6,0.0026698231,-1.1086075 / (cube(x0) + -0.9812434),2.4236201171766876,-1.1086075/(x0**3 - 0.9812434),PySRFunction(X=>-1.1086075/(x0**3 - 0.9812434))
5,7,6.175721e-08,(-3.0149515 / (x1 + -1.4994507)) + 2.2145004,10.674312043674206,2.2145004 - 3.0149515/(x1 - 1.4994507),PySRFunction(X=>2.2145004 - 3.0149515/(x1 - 1.4994507))
6,8,7.563851e-09,square((x0 + -0.54089797) * -11.262124) + -3.516819,2.0998302777956317,126.835436991376*(x0 - 0.54089797)**2 - 3.516819,PySRFunction(X=>126.835436991376*(x0 - 0.54089797)**2 - 3.516819)
7,9,0.0,(x0 * ((25.052893 / x1) + 4.866021)) + -2.6770995,inf,x0*(4.866021 + 25.052893/x1) - 2.6770995,PySRFunction(X=>x0*(4.866021 + 25.052893/x1) - 2.6770995)
