,complexity,loss,equation,score,sympy_format,lambda_format
0,1,0.2917913,1.7393123,0.0,1.73931230000000,PySRFunction(X=>1.73931230000000)
1,3,0.05945136,x0 + 1.3059759,0.7954401607303223,x0 + 1.3059759,PySRFunction(X=>x0 + 1.3059759)
2,5,0.007344492,(-0.029493038 / x0) + 2.1649072,1.045603927351773,2.1649072 - 0.029493038/x0,PySRFunction(X=>2.1649072 - 0.029493038/x0)
3,6,0.00033443127,cube(x0 - 1.1072806) + 2.2487566,3.089274535916179,(x0 - 1*1.1072806)**3 + 2.2487566,PySRFunction(X=>(x0 - 1*1.1072806)**3 + 2.2487566)
4,7,4.699056e-12,(-0.9984978 / (x0 + 0.46182677)) + 3.0381289,18.080580308089605,3.0381289 - 0.9984978/(x0 + 0.46182677),PySRFunction(X=>3.0381289 - 0.9984978/(x0 + 0.46182677))
5,8,0.0,tanh(-0.4152503 - (x0 / -0.40584475)) + 1.3267041,inf,tanh(-x0/(-0.40584475) - 0.4152503) + 1.3267041,PySRFunction(X=>tanh(-x0/(-0.40584475) - 0.4152503) + 1.3267041)
