,complexity,loss,equation,score,sympy_format,lambda_format
0,1,18.951015,7.018576,0.0,7.01857600000000,PySRFunction(X=>7.01857600000000)
1,3,4.6068144,x0 / 0.10257411,0.7071604467387878,x0/0.10257411,PySRFunction(X=>x0/0.10257411)
2,4,0.014826239,cube(x0 / 0.43969867),5.738893361170133,11.7634454825431*x0**3,PySRFunction(X=>11.7634454825431*x0**3)
3,5,7.4685704e-05,(x0 * 18.469347) + -7.4490366,5.290865100441111,x0*18.469347 - 7.4490366,PySRFunction(X=>x0*18.469347 - 7.4490366)
4,8,2.8754512e-05,((x0 + tanh(x1)) * 18.477379) + -25.93003,0.31816466697154583,(x0 + tanh(x1))*18.477379 - 25.93003,PySRFunction(X=>(x0 + tanh(x1))*18.477379 - 25.93003)
5,9,0.0,((x0 * 18.829002) - 7.816728) + (x1 * 0.0036605077),inf,x0*18.829002 + x1*0.0036605077 - 1*7.816728,PySRFunction(X=>x0*18.829002 + x1*0.0036605077 - 1*7.816728)
