,complexity,loss,equation,score,sympy_format,lambda_format
0,1,19.266653,x1,0.0,x1,PySRFunction(X=>x1)
1,3,5.568525,x1 * 1.4655567,0.6206227851435484,x1*1.4655567,PySRFunction(X=>x1*1.4655567)
2,5,1.9024957,-35.122597 / (x1 + -15.084726),0.536981828406566,-35.122597/(x1 - 15.084726),PySRFunction(X=>-35.122597/(x1 - 15.084726))
3,6,0.009743099,square(x1 + -5.1636605) * 0.30064473,5.2743625900164055,(x1 - 5.1636605)**2*0.30064473,PySRFunction(X=>(x1 - 5.1636605)**2*0.30064473)
4,7,1.869817e-10,(47.05272 / (x1 + -7.698024)) + 11.734257,17.768814325376,11.734257 + 47.05272/(x1 - 7.698024),PySRFunction(X=>11.734257 + 47.05272/(x1 - 7.698024))
5,8,1.2017172e-10,(square(x1 + -5.0665107) + 1.0792105) * 0.28914177,0.44208903122604254,((x1 - 5.0665107)**2 + 1.0792105)*0.28914177,PySRFunction(X=>((x1 - 5.0665107)**2 + 1.0792105)*0.28914177)
6,9,4.7369517e-15,(x0 * 32.607166) + ((1.4253345 / x0) + -13.172777),10.141283171296575,x0*32.607166 - 13.172777 + 1.4253345/x0,PySRFunction(X=>x0*32.607166 - 13.172777 + 1.4253345/x0)
7,10,0.0,(0.53359145 / x0) + ((cube(x0) * 22.172318) + -1.0168027),inf,x0**3*22.172318 - 1.0168027 + 0.53359145/x0,PySRFunction(X=>x0**3*22.172318 - 1.0168027 + 0.53359145/x0)
