,complexity,loss,equation,score,sympy_format,lambda_format
0,1,0.16887642,1.44993,0.0,1.44993000000000,PySRFunction(X=>1.44993000000000)
1,3,0.0005132149,x0 * 2.6874604,2.898113908989082,x0*2.6874604,PySRFunction(X=>x0*2.6874604)
2,5,6.556206e-06,(x0 * 2.837615) - 0.08714676,2.1801412919243726,x0*2.837615 - 1*0.08714676,PySRFunction(X=>x0*2.837615 - 1*0.08714676)
3,7,4.4363802e-07,((0.00742217 / x0) - x0) * -2.752442,1.346579200660099,(-x0 + 0.00742217/x0)*(-2.752442),PySRFunction(X=>(-x0 + 0.00742217/x0)*(-2.752442))
4,8,4.714451e-12,tanh((0.040116522 - x0) * -0.37384608) * 7.8445697,11.452131766227929,tanh((0.040116522 - x0)*(-0.37384608))*7.8445697,PySRFunction(X=>tanh((0.040116522 - x0)*(-0.37384608))*7.8445697)
5,9,0.0,(x1 * -0.001703026) - (0.058728386 - (x0 * 2.8014295)),inf,x1*(-0.001703026) - (0.058728386 - 2.8014295*x0),PySRFunction(X=>x1*(-0.001703026) - (0.058728386 - 2.8014295*x0))
