,complexity,loss,equation,score,sympy_format,lambda_format
0,1,0.07576199,0.9498683,0.0,0.949868300000000,PySRFunction(X=>0.949868300000000)
1,3,0.030077785,x0 - -0.5832012,0.4619049281450393,x0 - 1*(-0.5832012),PySRFunction(X=>x0 - 1*(-0.5832012))
2,4,0.027980974,square(x0 + 0.5883491),0.07226208019177334,(x0 + 0.5883491)**2,PySRFunction(X=>(x0 + 0.5883491)**2)
3,5,0.0014538987,(9.84305 / x0) / x1,2.9572760724023803,9.84305/(x0*x1),PySRFunction(X=>9.84305/(x0*x1))
4,6,0.0005080781,(9.193653 / x1) / tanh(x0),1.0513688098710472,9.193653/(x1*tanh(x0)),PySRFunction(X=>9.193653/(x1*tanh(x0)))
5,7,1.0008436e-05,(11.365997 / (x1 * x0)) + -0.15754223,3.927206838555597,-0.15754223 + 11.365997/((x0*x1)),PySRFunction(X=>-0.15754223 + 11.365997/((x0*x1)))
6,8,2.4813337e-11,square(1.0986073 - (x0 * 3.3184752)) + 0.6682441,12.907557604451886,(1.0986073 - 3.3184752*x0)**2 + 0.6682441,PySRFunction(X=>(1.0986073 - 3.3184752*x0)**2 + 0.6682441)
7,9,0.0,(x0 * 4.822087) - ((-0.41157845 / x0) + 2.1649222),inf,x0*4.822087 - (2.1649222 - 0.41157845/x0),PySRFunction(X=>x0*4.822087 - (2.1649222 - 0.41157845/x0))
