,complexity,loss,equation,score,sympy_format,lambda_format
0,1,3.18225,1.2182761,0.0,1.21827610000000,PySRFunction(X=>1.21827610000000)
1,3,1.6630212,13.093788 / x1,0.3244762727965857,13.093788/x1,PySRFunction(X=>13.093788/x1)
2,4,1.3216403,square(-9.327 / x1),0.22976233151416706,86.992929/x1**2,PySRFunction(X=>86.992929/x1**2)
3,5,0.07718862,9.795121 / (10.899525 - x1),2.8403768588047225,9.795121/(10.899525 - x1),PySRFunction(X=>9.795121/(10.899525 - x1))
4,6,0.008837319,-233.03151 / (square(x1) + -140.55623),2.167268486730762,-233.03151/(x1**2 - 140.55623),PySRFunction(X=>-233.03151/(x1**2 - 140.55623))
5,7,1.1368684e-13,(9.965102 / (13.431118 - x1)) + 0.99621564,25.076557015162354,0.99621564 + 9.965102/(13.431118 - x1),PySRFunction(X=>0.99621564 + 9.965102/(13.431118 - x1))
6,9,4.7369517e-15,(x1 * (0.8639341 - (x1 * 0.049441036))) + -1.0222633,1.5890269116555358,x1*(0.8639341 - 0.049441036*x1) - 1.0222633,PySRFunction(X=>x1*(0.8639341 - 0.049441036*x1) - 1.0222633)
7,10,0.0,(0.17739436 + (-0.0015997663 * cube(x1))) - (x1 * -0.42316318),inf,-0.0015997663*x1**3 - (-0.42316318)*x1 + 0.17739436,PySRFunction(X=>-0.0015997663*x1**3 - (-0.42316318)*x1 + 0.17739436)
