,complexity,loss,equation,score,sympy_format,lambda_format
0,1,0.19085841,1.2752724,0.0,1.27527240000000,PySRFunction(X=>1.27527240000000)
1,3,0.06792778,x0 * 2.705522,0.5165433811361658,x0*2.705522,PySRFunction(X=>x0*2.705522)
2,4,0.031966202,square(x0 + 0.6607872),0.7537659248278028,(x0 + 0.6607872)**2,PySRFunction(X=>(x0 + 0.6607872)**2)
3,5,0.008373937,(x0 * 26.636845) / x1,1.3395550128583718,x0*26.636845/x1,PySRFunction(X=>x0*26.636845/x1)
4,6,0.0056072804,x0 / tanh(x1 * 0.039362423),0.40105831947373305,x0/tanh(x1*0.039362423),PySRFunction(X=>x0/tanh(x1*0.039362423))
5,7,6.442813e-09,(0.079207875 / (x0 + -0.60085917)) + 1.249735,13.676611136784224,1.249735 + 0.079207875/(x0 - 0.60085917),PySRFunction(X=>1.249735 + 0.079207875/(x0 - 0.60085917))
6,8,9.593369e-10,square((x0 + -0.36203063) * -2.7412367) + 0.8978059,1.9044782083388268,7.51437864542689*(x0 - 0.36203063)**2 + 0.8978059,PySRFunction(X=>7.51437864542689*(x0 - 0.36203063)**2 + 0.8978059)
7,9,0.0,(x0 * 2.4702468) - ((-4.962196 / x1) - -0.3993363),inf,x0*2.4702468 - (-1*(-0.3993363) - 4.962196/x1),PySRFunction(X=>x0*2.4702468 - (-1*(-0.3993363) - 4.962196/x1))
