,complexity,loss,equation,score,sympy_format,lambda_format
0,1,15.403259,4.614556,0.0,4.61455600000000,PySRFunction(X=>4.61455600000000)
1,3,4.820162,252.98645 / x1,0.5808857864754629,252.98645/x1,PySRFunction(X=>252.98645/x1)
2,4,0.5011493,cube(68.6502 / x1),2.2636587557558396,323538.092326738/x1**3,PySRFunction(X=>323538.092326738/x1**3)
3,5,0.0017443927,cube(square(x0 / 0.64543027)),5.660497588524788,13.8326065122511*x0**6,PySRFunction(X=>13.8326065122511*x0**6)
4,6,0.00023196892,-0.29945028 / cube(x0 + -1.258874),2.0175583539649726,-0.29945028/(x0 - 1.258874)**3,PySRFunction(X=>-0.29945028/(x0 - 1.258874)**3)
5,7,4.5952768e-07,1.4051882 / cube(square(1.6691042 - x0)),6.22415949678496,1.4051882/((1.6691042 - x0)**6),PySRFunction(X=>1.4051882/((1.6691042 - x0)**6))
6,8,1.6344963e-07,1.1667634 - cube((-5.0849257 * x0) + 2.750978),1.0336943098936087,1.1667634 - (2.750978 - 5.0849257*x0)**3,PySRFunction(X=>1.1667634 - (2.750978 - 5.0849257*x0)**3)
7,9,0.0,((x0 * 31.281858) + -18.725485) + (x1 * -0.026253251),inf,x0*31.281858 + x1*(-0.026253251) - 18.725485,PySRFunction(X=>x0*31.281858 + x1*(-0.026253251) - 18.725485)
