,complexity,loss,equation,score,sympy_format,lambda_format
0,1,0.14476547,1.1557724,0.0,1.15577240000000,PySRFunction(X=>1.15577240000000)
1,3,0.059702303,x0 + 0.86416686,0.442872194397064,x0 + 0.86416686,PySRFunction(X=>x0 + 0.86416686)
2,5,0.023610795,x0 - (-12.045849 / x1),0.46383328658279194,x0 - (-1)*12.045849/x1,PySRFunction(X=>x0 - (-1)*12.045849/x1)
3,6,0.004610198,square((x0 + -0.34945017) * 3.8847892),1.6334332165086471,15.0915871284366*(x0 - 0.34945017)**2,PySRFunction(X=>15.0915871284366*(x0 - 0.34945017)**2)
4,7,8.097194e-05,x0 + ((7.6906614 / x1) + 0.3547802),4.041923410274656,x0 + 0.3547802 + 7.6906614/x1,PySRFunction(X=>x0 + 0.3547802 + 7.6906614/x1)
5,8,2.946134e-09,-0.4804838 + square(4.565721 * (x0 + -0.3595368)),10.22136415147436,20.845808249841*(x0 - 0.3595368)**2 - 0.4804838,PySRFunction(X=>20.845808249841*(x0 - 0.3595368)**2 - 0.4804838)
6,9,0.0,(x1 * ((x0 * 0.056907292) - 0.02481262)) + 1.412653,inf,x1*(x0*0.056907292 - 1*0.02481262) + 1.412653,PySRFunction(X=>x1*(x0*0.056907292 - 1*0.02481262) + 1.412653)
