,complexity,loss,equation,score,sympy_format,lambda_format
0,1,0.6529967,1.5751657,0.0,1.57516570000000,PySRFunction(X=>1.57516570000000)
1,3,0.26021233,x1 / 31.217552,0.4600370620417599,x1/31.217552,PySRFunction(X=>x1/31.217552)
2,5,0.0039761662,(x0 * 39.46713) + -30.985235,2.0905899314279197,x0*39.46713 - 30.985235,PySRFunction(X=>x0*39.46713 - 30.985235)
3,6,2.8108534e-06,square((11.125403 / x0) + -14.703409),7.254585229402228,(-14.703409 + 11.125403/x0)**2,PySRFunction(X=>(-14.703409 + 11.125403/x0)**2)
4,8,2.311859e-06,square((10.004335 / (x0 - 0.042443626)) + -14.002377),0.09771808775710286,(-14.002377 + 10.004335/(x0 - 1*0.042443626))**2,PySRFunction(X=>(-14.002377 + 10.004335/(x0 - 1*0.042443626))**2)
5,9,9.4739034e-15,(x1 * 0.005961545) + ((-24.176674 / x0) + 30.602453),19.312776791614855,x1*0.005961545 + 30.602453 - 24.176674/x0,PySRFunction(X=>x1*0.005961545 + 30.602453 - 24.176674/x0)
6,10,0.0,((cube(x0) + -0.48611847) * 18.061256) + (x1 * 0.0039259023),inf,x1*0.0039259023 + (x0**3 - 0.48611847)*18.061256,PySRFunction(X=>x1*0.0039259023 + (x0**3 - 0.48611847)*18.061256)
