,complexity,loss,equation,score,sympy_format,lambda_format
0,1,0.0798113,1.3303839,0.0,1.33038390000000,PySRFunction(X=>1.33038390000000)
1,3,0.004040315,x0 * 2.2977433,1.491671219605162,x0*2.2977433,PySRFunction(X=>x0*2.2977433)
2,4,0.0030479825,cube(x0 + 0.5059767),0.28184276289246146,(x0 + 0.5059767)**3,PySRFunction(X=>(x0 + 0.5059767)**3)
3,5,3.625761e-07,(-0.8695846 / x0) + 2.8677237,9.0367560710056,2.8677237 - 0.8695846/x0,PySRFunction(X=>2.8677237 - 0.8695846/x0)
4,7,3.8002193e-12,(-0.9433466 / (x0 + 0.022217363)) + 2.9331355,5.732965443342723,2.9331355 - 0.9433466/(x0 + 0.022217363),PySRFunction(X=>2.9331355 - 0.9433466/(x0 + 0.022217363))
5,9,0.0,-0.3414858 - ((x0 * -2.821764) + (-0.3007352 / x1)),inf,-(x0*(-2.821764) - 0.3007352/x1) - 0.3414858,PySRFunction(X=>-(x0*(-2.821764) - 0.3007352/x1) - 0.3414858)
