,complexity,loss,equation,score,sympy_format,lambda_format
0,1,79.41803,7.6293254,0.0,7.62932540000000,PySRFunction(X=>7.62932540000000)
1,3,3.120102,46.132042 / x1,1.6184298634828524,46.132042/x1,PySRFunction(X=>46.132042/x1)
2,4,0.29995131,square(10.674932 / x1),2.3420008110927077,113.954173204624/x1**2,PySRFunction(X=>113.954173204624/x1**2)
3,5,0.0004999568,-0.52492684 / (x0 + -1.0009657),6.396853745776771,-0.52492684/(x0 - 1.0009657),PySRFunction(X=>-0.52492684/(x0 - 1.0009657))
4,7,1.3102787e-09,(14.855882 / (x1 + -1.6324381)) + 0.11177492,6.426018555497318,0.11177492 + 14.855882/(x1 - 1.6324381),PySRFunction(X=>0.11177492 + 14.855882/(x1 - 1.6324381))
5,9,0.0,((x0 * -5.768552) + (61.459312 / x1)) + -0.07658355,inf,x0*(-5.768552) - 0.07658355 + 61.459312/x1,PySRFunction(X=>x0*(-5.768552) - 0.07658355 + 61.459312/x1)
