,complexity,loss,equation,score,sympy_format,lambda_format
0,1,65.641304,9.283295,0.0,9.28329500000000,PySRFunction(X=>9.28329500000000)
1,2,52.94401,square(x1),0.2149701919019165,x1**2,PySRFunction(X=>x1**2)
2,3,18.952154,x1 / 0.3442797,1.0273173474431105,x1/0.3442797,PySRFunction(X=>x1/0.3442797)
3,4,0.86628866,square(x1 + -1.0388514),3.085454692940189,(x1 - 1.0388514)**2,PySRFunction(X=>(x1 - 1.0388514)**2)
4,5,0.0014434023,(x1 * 5.8506494) + -12.475462,6.397215143542239,x1*5.8506494 - 12.475462,PySRFunction(X=>x1*5.8506494 - 12.475462)
5,6,0.0007145403,cube((-6.6237335 / x1) + 3.9117332),0.7031189152383851,(3.9117332 - 6.6237335/x1)**3,PySRFunction(X=>(3.9117332 - 6.6237335/x1)**3)
6,7,0.00024863635,(1.7289385 - x1) / (x0 + -1.1656058),1.055648011645302,(1.7289385 - x1)/(x0 - 1.1656058),PySRFunction(X=>(1.7289385 - x1)/(x0 - 1.1656058))
7,8,6.2852337e-09,square((-15.878741 / x1) + 7.2131376) + 1.1702855,10.585543641073444,(7.2131376 - 15.878741/x1)**2 + 1.1702855,PySRFunction(X=>(7.2131376 - 15.878741/x1)**2 + 1.1702855)
8,9,0.0,(-0.6039118 * x0) + ((5.8889365 * x1) + -12.08941),inf,-0.6039118*x0 + 5.8889365*x1 - 12.08941,PySRFunction(X=>-0.6039118*x0 + 5.8889365*x1 - 12.08941)
