,complexity,loss,equation,score,sympy_format,lambda_format
0,1,0.009568844,0.78308547,0.0,0.783085470000000,PySRFunction(X=>0.783085470000000)
1,3,0.003983909,x0 + 0.54141927,0.43812445296212993,x0 + 0.54141927,PySRFunction(X=>x0 + 0.54141927)
2,4,0.00015117692,square(x0) + 0.70038813,3.271567970486882,x0**2 + 0.70038813,PySRFunction(X=>x0**2 + 0.70038813)
3,5,0.00013911494,cube(cube(x0) + 0.886345),0.08315030868456814,(x0**3 + 0.886345)**3,PySRFunction(X=>(x0**3 + 0.886345)**3)
4,6,2.342721e-07,-0.57300055 / (square(x0) + -0.82514435),6.38657251657045,-0.57300055/(x0**2 - 0.82514435),PySRFunction(X=>-0.57300055/(x0**2 - 0.82514435))
5,7,2.6330937e-10,(-0.06308652 / (x0 + -0.63924074)) + 0.5868156,6.790908886648326,0.5868156 - 0.06308652/(x0 - 0.63924074),PySRFunction(X=>0.5868156 - 0.06308652/(x0 - 0.63924074))
6,8,2.4212929e-11,cube((x0 - -0.1221276) * 1.0724655) + 0.6891913,2.3864429059552505,1.23353078043271*(x0 - 1*(-0.1221276))**3 + 0.6891913,PySRFunction(X=>1.23353078043271*(x0 - 1*(-0.1221276))**3 + 0.6891913)
7,9,0.0,((x0 * 0.86006695) + (0.009085967 / x0)) + 0.5129809,inf,x0*0.86006695 + 0.5129809 + 0.009085967/x0,PySRFunction(X=>x0*0.86006695 + 0.5129809 + 0.009085967/x0)
