,complexity,loss,equation,score,sympy_format,lambda_format
0,1,1.6349026,4.930456,0.0,4.93045600000000,PySRFunction(X=>4.93045600000000)
1,3,1.3176864,x0 * 5.563487,0.10785287960368986,x0*5.563487,PySRFunction(X=>x0*5.563487)
2,4,0.771241,cube(x0 * 1.9165925),0.5356318447004559,7.04027061611932*x0**3,PySRFunction(X=>7.04027061611932*x0**3)
3,5,0.00017810136,(x0 * 54.244835) - 43.43772,8.373403358339816,x0*54.244835 - 1*43.43772,PySRFunction(X=>x0*54.244835 - 1*43.43772)
4,7,5.0425897e-05,cube(cube(8.3807745 / x1)) + 4.0188437,0.6309239769743122,4.0188437 + 203965821.054104/x1**9,PySRFunction(X=>4.0188437 + 203965821.054104/x1**9)
5,8,3.2241587e-10,square(-0.907207 - (-19.868 / x1)) + 3.703361,11.96017319645483,(-0.907207 - (-1)*19.868/x1)**2 + 3.703361,PySRFunction(X=>(-0.907207 - (-1)*19.868/x1)**2 + 3.703361)
6,9,0.0,(x1 * 0.070197105) - ((-53.21183 / x1) + 0.8835669),inf,x1*0.070197105 - (0.8835669 - 53.21183/x1),PySRFunction(X=>x1*0.070197105 - (0.8835669 - 53.21183/x1))
