,complexity,loss,equation,score,sympy_format,lambda_format
0,1,0.01265232,1.2759664,0.0,1.27596640000000,PySRFunction(X=>1.27596640000000)
1,3,0.0111473715,1.8176396 - x0,0.06331843368132144,1.8176396 - x0,PySRFunction(X=>1.8176396 - x0)
2,4,0.010595367,1.2693002 / tanh(x1),0.05078690010379547,1.2693002/tanh(x1),PySRFunction(X=>1.2693002/tanh(x1))
3,5,0.004294879,1.1842891 - (-0.5172676 / x1),0.9029934473549902,1.1842891 - (-1)*0.5172676/x1,PySRFunction(X=>1.1842891 - (-1)*0.5172676/x1)
4,6,0.0020337019,(tanh(x1) * -12.651741) - -13.854837,0.7475656543657948,tanh(x1)*(-12.651741) - 1*(-13.854837),PySRFunction(X=>tanh(x1)*(-12.651741) - 1*(-13.854837))
5,7,0.0,1.2637347 - (0.50988805 / (x1 + -5.599292)),inf,1.2637347 - 0.50988805/(x1 - 5.599292),PySRFunction(X=>1.2637347 - 0.50988805/(x1 - 5.599292))
