,complexity,loss,equation,score,sympy_format,lambda_format
0,1,1.2773598,1.515157,0.0,1.51515700000000,PySRFunction(X=>1.51515700000000)
1,3,0.17181255,x0 * 3.5193133,1.0030732567590825,x0*3.5193133,PySRFunction(X=>x0*3.5193133)
2,4,0.048480514,cube(x0 - -0.62981176),1.2652421129252507,(x0 - 1*(-0.62981176))**3,PySRFunction(X=>(x0 - 1*(-0.62981176))**3)
3,5,1.8635043e-05,78.11963 / (x1 + 22.744675),7.86387338258275,78.11963/(x1 + 22.744675),PySRFunction(X=>78.11963/(x1 + 22.744675))
4,7,2.3684757e-14,(86.49847 / (x1 + 24.897346)) - 0.06180414,10.241739000347906,-1*0.06180414 + 86.49847/(x1 + 24.897346),PySRFunction(X=>-1*0.06180414 + 86.49847/(x1 + 24.897346))
5,9,0.0,(5.6154475 / x1) + ((-0.008923826 / x0) + 0.75307465),inf,0.75307465 + 5.6154475/x1 - 0.008923826/x0,PySRFunction(X=>0.75307465 + 5.6154475/x1 - 0.008923826/x0)
