,complexity,loss,equation,score,sympy_format,lambda_format
0,1,0.17185621,1.4652405,0.0,1.46524050000000,PySRFunction(X=>1.46524050000000)
1,3,0.084233426,x0 + 1.0152409,0.35653315648202816,x0 + 1.0152409,PySRFunction(X=>x0 + 1.0152409)
2,4,0.064352565,square(x0) + 1.1910739,0.2692150324565501,x0**2 + 1.1910739,PySRFunction(X=>x0**2 + 1.1910739)
3,5,0.006634839,41.308624 / (43.941334 - x1),2.272042391157822,41.308624/(43.941334 - x1),PySRFunction(X=>41.308624/(43.941334 - x1))
4,6,0.004041759,(cube(x1) * 6.8780835e-5) + 1.126909,0.49565440897446916,x1**3*6.8780835e-5 + 1.126909,PySRFunction(X=>x1**3*6.8780835e-5 + 1.126909)
5,7,6.119833e-08,(0.035611898 / (x0 + -0.7029179)) + 1.2913029,11.098070649655316,1.2913029 + 0.035611898/(x0 - 0.7029179),PySRFunction(X=>1.2913029 + 0.035611898/(x0 - 0.7029179))
6,8,1.8588746e-10,square((x0 * 2.4856064) + -0.80393654) + 0.92351097,5.796733743715541,(x0*2.4856064 - 0.80393654)**2 + 0.92351097,PySRFunction(X=>(x0*2.4856064 - 0.80393654)**2 + 0.92351097)
7,9,0.0,((x1 * 0.06969338) - (-0.036266796 / x0)) + 0.3466377,inf,x1*0.06969338 + 0.3466377 - (-1)*0.036266796/x0,PySRFunction(X=>x1*0.06969338 + 0.3466377 - (-1)*0.036266796/x0)
