,complexity,loss,equation,score,sympy_format,lambda_format
0,1,0.6169296,1.6242762,0.0,1.62427620000000,PySRFunction(X=>1.62427620000000)
1,3,0.057536453,x0 * 3.0648954,1.1861681023797843,x0*3.0648954,PySRFunction(X=>x0*3.0648954)
2,4,0.00461357,cube(x0 + 0.59531486),2.523416751366021,(x0 + 0.59531486)**3,PySRFunction(X=>(x0 + 0.59531486)**3)
3,5,0.00454119,cube(square(x0) + 0.7936009),0.015812868538931178,(x0**2 + 0.7936009)**3,PySRFunction(X=>(x0**2 + 0.7936009)**3)
4,6,0.0008747715,cube(1.2775174 / (1.6982877 - x0)),1.6469816618300863,2.08497317626158/(1.6982877 - x0)**3,PySRFunction(X=>2.08497317626158/(1.6982877 - x0)**3)
5,7,1.5249566e-06,square(square(-0.44600606 - x0)) + 0.41793948,6.351996758758722,(-x0 - 0.44600606)**4 + 0.41793948,PySRFunction(X=>(-x0 - 0.44600606)**4 + 0.41793948)
6,8,6.631732e-14,(tanh(3.4152942 / x1) * 2.132029) + 0.59738797,16.95078068770659,tanh(3.4152942/x1)*2.132029 + 0.59738797,PySRFunction(X=>tanh(3.4152942/x1)*2.132029 + 0.59738797)
7,9,0.0,(1.2473198 + (2.5079918 / x1)) + (x1 * -0.0100509105),inf,x1*(-0.0100509105) + 1.2473198 + 2.5079918/x1,PySRFunction(X=>x1*(-0.0100509105) + 1.2473198 + 2.5079918/x1)
