,complexity,loss,equation,score,sympy_format,lambda_format
0,1,0.55013156,1.6526278,0.0,1.65262780000000,PySRFunction(X=>1.65262780000000)
1,3,0.0906434,x0 * 2.9616876,0.9016121612869358,x0*2.9616876,PySRFunction(X=>x0*2.9616876)
2,4,0.0063132686,cube(x0 + 0.581889),2.664279581443521,(x0 + 0.581889)**3,PySRFunction(X=>(x0 + 0.581889)**3)
3,5,0.003418101,(x0 * 4.8261695) + -1.16264,0.613568411904423,x0*4.8261695 - 1.16264,PySRFunction(X=>x0*4.8261695 - 1.16264)
4,6,0.00010260716,-1.0706068 / tanh(2.7425628 - x1),3.5059326968062616,-1.0706068/tanh(2.7425628 - x1),PySRFunction(X=>-1.0706068/tanh(2.7425628 - x1))
5,7,4.8891274e-05,1.0666976 / cube(tanh(x1 + -2.2251823)),0.7413087811271101,1.0666976/(tanh(x1 - 2.2251823)**3),PySRFunction(X=>1.0666976/(tanh(x1 - 2.2251823)**3))
6,8,3.3020817e-10,(1.0013719 / cube(x1 + -2.314304)) - -1.0560118,11.905386218953792,-1*(-1.0560118) + 1.0013719/((x1 - 2.314304)**3),PySRFunction(X=>-1*(-1.0560118) + 1.0013719/((x1 - 2.314304)**3))
7,9,0.0,((x0 * 4.3517227) - (-1.04427 / x1)) + -1.1133094,inf,x0*4.3517227 - 1.1133094 - (-1)*1.04427/x1,PySRFunction(X=>x0*4.3517227 - 1.1133094 - (-1)*1.04427/x1)
