,complexity,loss,equation,score,sympy_format,lambda_format
0,1,0.514208,1.4346501,0.0,1.43465010000000,PySRFunction(X=>1.43465010000000)
1,3,0.06414429,x0 / 0.35835162,1.040746387945918,x0/0.35835162,PySRFunction(X=>x0/0.35835162)
2,4,0.013151958,cube(x0 + 0.5593416),1.5845644320894385,(x0 + 0.5593416)**3,PySRFunction(X=>(x0 + 0.5593416)**3)
3,5,3.5234586e-06,-0.52188504 / (x0 + -0.9901075),8.224882859825009,-0.52188504/(x0 - 0.9901075),PySRFunction(X=>-0.52188504/(x0 - 0.9901075))
4,7,2.3684757e-14,(8.091229 / (x1 - -1.1907355)) + 0.5671856,9.408938612158268,0.5671856 + 8.091229/(x1 - 1*(-1.1907355)),PySRFunction(X=>0.5671856 + 8.091229/(x1 - 1*(-1.1907355)))
5,9,0.0,((4.830941 / x1) - (x0 * -0.5453532)) + 0.4756244,inf,-(-0.5453532)*x0 + 0.4756244 + 4.830941/x1,PySRFunction(X=>-(-0.5453532)*x0 + 0.4756244 + 4.830941/x1)
