,complexity,loss,equation,score,sympy_format,lambda_format
0,1,3.514785,2.9377122,0.0,2.93771220000000,PySRFunction(X=>2.93771220000000)
1,3,2.234291,3.838622 / x1,0.22652720258717238,3.838622/x1,PySRFunction(X=>3.838622/x1)
2,5,0.44071564,0.5788177 / (x0 * x1),0.8116396852785438,0.5788177/((x0*x1)),PySRFunction(X=>0.5788177/((x0*x1)))
3,6,0.011923057,cube(1.8596185 - (x1 * x0)),3.609925771724431,(1.8596185 - x0*x1)**3,PySRFunction(X=>(1.8596185 - x0*x1)**3)
4,7,0.005904891,-1.4591753 / ((x1 * -0.1610613) - x0),0.7026930979427221,-1.4591753/(-x0 + x1*(-0.1610613)),PySRFunction(X=>-1.4591753/(-x0 + x1*(-0.1610613)))
5,8,1.9560684e-06,1.2300389 / tanh(x0 + (x1 + -0.8745592)),8.01259972920162,1.2300389/tanh(x0 + x1 - 0.8745592),PySRFunction(X=>1.2300389/tanh(x0 + x1 - 0.8745592))
6,9,0.0,(((0.49806726 / x1) + -0.07249191) / x0) - -1.292668,inf,-1*(-1.292668) + (-0.07249191 + 0.49806726/x1)/x0,PySRFunction(X=>-1*(-1.292668) + (-0.07249191 + 0.49806726/x1)/x0)
