,complexity,loss,equation,score,sympy_format,lambda_format
0,1,2.6034648,2.041988,0.0,2.04198800000000,PySRFunction(X=>2.04198800000000)
1,3,0.07379045,7.8337083 / x1,1.781684566405686,7.8337083/x1,PySRFunction(X=>7.8337083/x1)
2,5,0.0023782565,-0.58529526 / (x0 - 1.0104762),1.717430831618115,-0.58529526/(x0 - 1*1.0104762),PySRFunction(X=>-0.58529526/(x0 - 1*1.0104762))
3,6,1.8554698e-05,0.7208232 / (0.93242884 - square(x0)),4.853399916741202,0.7208232/(0.93242884 - x0**2),PySRFunction(X=>0.7208232/(0.93242884 - x0**2))
4,7,8.3890956e-07,(-0.29486743 / (x0 + -0.9502759)) + 0.40414962,3.0963753917629706,0.40414962 - 0.29486743/(x0 - 0.9502759),PySRFunction(X=>0.40414962 - 0.29486743/(x0 - 0.9502759))
5,8,2.618896e-09,cube(-0.44481915 - (x0 * -2.2451525)) + 0.81160015,5.769350050738654,(-(-2.2451525)*x0 - 0.44481915)**3 + 0.81160015,PySRFunction(X=>(-(-2.2451525)*x0 - 0.44481915)**3 + 0.81160015)
6,9,0.0,(0.17146368 - (x0 * -0.8027023)) - (-6.1306353 / x1),inf,-(-0.8027023)*x0 + 0.17146368 - (-1)*6.1306353/x1,PySRFunction(X=>-(-0.8027023)*x0 + 0.17146368 - (-1)*6.1306353/x1)
