,complexity,loss,equation,score,sympy_format,lambda_format
0,1,1.6048895,1.8393464,0.0,1.83934640000000,PySRFunction(X=>1.83934640000000)
1,3,0.7171128,0.5073446 / x0,0.40278851772024343,0.5073446/x0,PySRFunction(X=>0.5073446/x0)
2,4,0.6146025,cube(1.6390771 - x0),0.15425743302710546,(1.6390771 - x0)**3,PySRFunction(X=>(1.6390771 - x0)**3)
3,5,0.43517098,(0.65055776 - x0) * x1,0.345236706041315,x1*(0.65055776 - x0),PySRFunction(X=>x1*(0.65055776 - x0))
4,6,0.017549725,square(-2.1406178 - (x1 * -0.08577597)),3.210700731059659,(-(-0.08577597)*x1 - 2.1406178)**2,PySRFunction(X=>(-(-0.08577597)*x1 - 2.1406178)**2)
5,7,1.9591033e-08,(-7.90402 / (x1 + -14.306616)) + 2.4306893,13.705476876686294,2.4306893 - 7.90402/(x1 - 14.306616),PySRFunction(X=>2.4306893 - 7.90402/(x1 - 14.306616))
6,9,2.9605948e-16,((25.575949 / x1) + -3.3390956) + (x1 * 0.115717806),9.003888709207377,x1*0.115717806 - 3.3390956 + 25.575949/x1,PySRFunction(X=>x1*0.115717806 - 3.3390956 + 25.575949/x1)
7,10,0.0,((x1 * 0.08130021) + -1.3471253) + (0.014236361 / cube(x0)),inf,x1*0.08130021 - 1.3471253 + 0.014236361/(x0**3),PySRFunction(X=>x1*0.08130021 - 1.3471253 + 0.014236361/(x0**3))
