,complexity,loss,equation,score,sympy_format,lambda_format
0,1,0.2888217,1.1737297,0.0,1.17372970000000,PySRFunction(X=>1.17372970000000)
1,3,0.03372124,x0 * 2.901355,1.0738408184071546,x0*2.901355,PySRFunction(X=>x0*2.901355)
2,4,0.018458905,cube(x0 - -0.6164534),0.6025809960135244,(x0 - 1*(-0.6164534))**3,PySRFunction(X=>(x0 - 1*(-0.6164534))**3)
3,5,0.0022366126,(1.585884 / x1) + 0.74052763,2.1105844207252287,0.74052763 + 1.585884/x1,PySRFunction(X=>0.74052763 + 1.585884/x1)
4,6,1.1110664e-07,square(x1 + -45.96052) * 0.00097059127,9.909982586275015,(x1 - 45.96052)**2*0.00097059127,PySRFunction(X=>(x1 - 45.96052)**2*0.00097059127)
5,7,3.8882913e-08,(-0.93667924 / (x1 - 2.1829097)) + 0.8304244,1.0499355612110983,0.8304244 - 0.93667924/(x1 - 1*2.1829097),PySRFunction(X=>0.8304244 - 0.93667924/(x1 - 1*2.1829097))
6,8,1.3855583e-13,(square(x1 + -45.957302) * 0.0009713093) + -0.00090169144,12.544792108493779,(x1 - 45.957302)**2*0.0009713093 - 0.00090169144,PySRFunction(X=>(x1 - 45.957302)**2*0.0009713093 - 0.00090169144)
7,9,0.0,(((2.1745708 / x1) - -0.42862654) * x0) + 0.6461709,inf,x0*(-1*(-0.42862654) + 2.1745708/x1) + 0.6461709,PySRFunction(X=>x0*(-1*(-0.42862654) + 2.1745708/x1) + 0.6461709)
