,complexity,loss,equation,score,sympy_format,lambda_format
0,1,6.9553413,2.8070877,0.0,2.80708770000000,PySRFunction(X=>2.80708770000000)
1,3,1.0632192,10.823139 / x1,0.9391043049182155,10.823139/x1,PySRFunction(X=>10.823139/x1)
2,5,0.32093132,x1 / (x1 + -1.1673685),0.5989147110374671,x1/(x1 - 1.1673685),PySRFunction(X=>x1/(x1 - 1.1673685))
3,6,0.08335463,square((5.8642426 / x1) + -1.5676941),1.3481229873075475,(-1.5676941 + 5.8642426/x1)**2,PySRFunction(X=>(-1.5676941 + 5.8642426/x1)**2)
4,7,0.060806423,(x1 * 0.035766903) + (10.518942 / x1),0.31540873170441747,x1*0.035766903 + 10.518942/x1,PySRFunction(X=>x1*0.035766903 + 10.518942/x1)
5,8,0.015264602,cube((2.0213802 / x1) + 0.30149552) * x1,1.382158871708245,x1*(0.30149552 + 2.0213802/x1)**3,PySRFunction(X=>x1*(0.30149552 + 2.0213802/x1)**3)
6,9,0.0017703926,((0.8038735 / (x1 - 1.1993917)) + 0.024836136) * x1,2.1543352232319752,x1*(0.024836136 + 0.8038735/(x1 - 1*1.1993917)),PySRFunction(X=>x1*(0.024836136 + 0.8038735/(x1 - 1*1.1993917)))
7,11,2.842171e-15,(-0.49999994 / (x0 - 0.99999994)) + (0.5 / (x0 * x1)),13.578827124534088,-0.49999994/(x0 - 1*0.99999994) + 0.5/((x0*x1)),PySRFunction(X=>-0.49999994/(x0 - 1*0.99999994) + 0.5/((x0*x1)))
8,13,0.0,(-0.50000006 / (x0 - 1.0)) + (-1.4675533e-7 + (0.5 / (x0 * x1))),inf,-1.4675533e-7 - 0.50000006/(x0 - 1*1.0) + 0.5/((x0*x1)),PySRFunction(X=>-1.4675533e-7 - 0.50000006/(x0 - 1*1.0) + 0.5/((x0*x1)))
