,complexity,loss,equation,score,sympy_format,lambda_format
0,1,0.035622276,1.0188336,0.0,1.01883360000000,PySRFunction(X=>1.01883360000000)
1,3,0.027372431,x0 + 0.66883326,0.1317174167616756,x0 + 0.66883326,PySRFunction(X=>x0 + 0.66883326)
2,4,0.025770571,tanh(x0) + 0.68856597,0.06030315701777779,tanh(x0) + 0.68856597,PySRFunction(X=>tanh(x0) + 0.68856597)
3,5,0.010973198,(1.0503843 / x1) + 0.8848289,0.8537774278299377,0.8848289 + 1.0503843/x1,PySRFunction(X=>0.8848289 + 1.0503843/x1)
4,6,0.006446132,(24.286829 / tanh(x1)) + -23.353401,0.531975493137119,-23.353401 + 24.286829/tanh(x1),PySRFunction(X=>-23.353401 + 24.286829/tanh(x1))
5,7,0.0036039725,(-0.85182494 / (x1 + -4.751268)) + 1.0050737,0.5814435516929533,1.0050737 - 0.85182494/(x1 - 4.751268),PySRFunction(X=>1.0050737 - 0.85182494/(x1 - 4.751268))
6,8,0.00016376305,square(x0 + (-2.6481133 / x1)) + 0.84702855,3.0913714222920627,(x0 - 2.6481133/x1)**2 + 0.84702855,PySRFunction(X=>(x0 - 2.6481133/x1)**2 + 0.84702855)
7,10,0.000103642014,-0.45840117 / (cube(x0) + ((0.43240932 / x1) + -0.5834788)),0.22873888891990787,-0.45840117/(x0**3 - 0.5834788 + 0.43240932/x1),PySRFunction(X=>-0.45840117/(x0**3 - 0.5834788 + 0.43240932/x1))
8,11,0.0,((0.4999999 / x0) / x1) + (-0.49999997 / (x0 + -0.99999994)),inf,-0.49999997/(x0 - 0.99999994) + 0.4999999/(x0*x1),PySRFunction(X=>-0.49999997/(x0 - 0.99999994) + 0.4999999/(x0*x1))
